lambda_phys,model_name,capacity_name,parameter_count,dataset_size,data_seed,train_seed,status,test_rel_l2,val_rel_l2,train_rel_l2,test_mse,val_mse,train_mse,best_epoch,runtime_seconds
0.0,piml,large,67074,1024,11,101,success,0.0008349295821972191,0.0008533738437108696,0.000699817668646574,5.082337338535581e-06,6.079608283471316e-06,3.2157640816876665e-06,241,4.647752523422241
0.0,piml,large,67074,1024,11,202,success,0.0007674302905797958,0.000797411659732461,0.0006179593619890511,4.221537892590277e-06,4.878680556430481e-06,2.5786989681364503e-06,234,4.9897449016571045
0.0,piml,large,67074,1024,11,303,success,0.0008731619454920292,0.0009270603768527508,0.0007326240302063525,5.355114808480721e-06,6.210842002474237e-06,3.400673222131445e-06,194,4.411508321762085
0.0,piml,large,67074,1024,22,101,success,0.0008567787590436637,0.0008729465189389884,0.0007122866227291524,6.624703019042499e-06,6.9891825660306495e-06,3.4638096622074954e-06,201,4.466745853424072
0.0,piml,large,67074,1024,22,202,success,0.0008895572973415256,0.0009150729747489095,0.0007491043070331216,7.023685611784458e-06,7.46522755434853e-06,4.083342901139986e-06,184,4.1381676197052
0.0,piml,large,67074,1024,22,303,success,0.0009220662759616971,0.0009652342414483428,0.0007850995752960443,6.884431968501303e-06,7.417861525027547e-06,3.843394551950041e-06,176,3.684385061264038
0.0,piml,large,67074,1024,33,101,success,0.0008025298011489213,0.0007851204718463123,0.0006910636438988149,5.254645657259971e-06,5.7181705415132456e-06,3.114082574029453e-06,244,4.659465789794922
0.0,piml,large,67074,1024,33,202,success,0.0008475116337649524,0.0008144830935634673,0.0006888897623866796,6.205093995959032e-06,6.875292001495836e-06,3.092752876909799e-06,274,5.215730667114258
0.0,piml,large,67074,1024,33,303,success,0.0008583777234889567,0.0008362570661120117,0.0007197943632490933,5.2008435886818916e-06,5.821368176839314e-06,3.068046225962462e-06,180,4.562254428863525
0.0,piml,large,67074,128,11,101,success,0.0029158161487430334,0.0030625888612121344,0.0010027044918388128,8.855390478856862e-05,9.016324474941939e-05,4.984228780813282e-06,396,3.1811940670013428
0.0,piml,large,67074,128,11,202,success,0.0029511884786188602,0.003224846674129367,0.0010302482405677438,0.00010583445691736415,0.00011598893615882844,9.622685865906533e-06,399,3.260366439819336
0.0,piml,large,67074,128,11,303,success,0.0025791828520596027,0.0028209658339619637,0.0007738916319794953,9.152910934062675e-05,0.00010424084757687524,2.8102074338676175e-06,399,3.2496109008789062
0.0,piml,large,67074,128,22,101,success,0.00269189290702343,0.002931552706286311,0.001268449006602168,6.474499241448939e-05,8.038497617235407e-05,1.1244227607676294e-05,399,3.334695816040039
0.0,piml,large,67074,128,22,202,success,0.0024367389269173145,0.002589360112324357,0.001019189483486116,6.028672942193225e-05,7.356900459853932e-05,7.201798325695563e-06,396,3.3355143070220947
0.0,piml,large,67074,128,22,303,success,0.002298684325069189,0.002460093004629016,0.0009011981310322881,5.3919211495667696e-05,6.61315571051091e-05,8.50043124955846e-06,399,3.1187312602996826
0.0,piml,large,67074,128,33,101,success,0.0032380034681409597,0.002911381423473358,0.0014183911262080073,0.000208403478609398,0.0001729531359160319,1.4532126442645676e-05,399,3.1174721717834473
0.0,piml,large,67074,128,33,202,success,0.0032670353539288044,0.0029886499978601933,0.0014132842188701034,0.00017950046458281577,0.00015222247748170048,2.0035033230669796e-05,398,3.1994524002075195
0.0,piml,large,67074,128,33,303,success,0.002809627214446664,0.002616490935906768,0.0012324987910687923,0.00012102475739084184,0.00010245342127745971,1.4993169315857813e-05,399,3.270840644836426
0.0,piml,large,67074,4096,11,101,success,0.0007732710801064968,0.000781966489739716,0.0007364563061855733,4.231194452586351e-06,4.458805051399395e-06,3.866990027745487e-06,59,4.389806032180786
0.0,piml,large,67074,4096,11,202,success,0.0007845325162634254,0.0007906530518084764,0.0007460828637704253,4.90823322252254e-06,4.554282440949464e-06,4.2953056436090264e-06,45,3.710017442703247
0.0,piml,large,67074,4096,11,303,success,0.0007246799068525434,0.0007433927385136485,0.0007101191440597177,3.4285292258573463e-06,3.7393233469629195e-06,3.3589919894438935e-06,94,5.714734315872192
0.0,piml,large,67074,4096,22,101,success,0.0007270800997503102,0.0007731502410024405,0.000742812582757324,2.8765155093424255e-06,3.1734266485727858e-06,2.917479605457629e-06,120,6.70854640007019
0.0,piml,large,67074,4096,22,202,success,0.0007142758695408702,0.0007460046908818185,0.0006841275608167052,3.063540589209879e-06,3.572419245756464e-06,2.8214815301907947e-06,97,5.982107877731323
0.0,piml,large,67074,4096,22,303,success,0.0007392741390503943,0.000775959575548768,0.0007197743398137391,3.2420707611890975e-06,3.764438133657677e-06,3.0150506518111797e-06,72,4.679687261581421
0.0,piml,large,67074,4096,33,101,success,0.0007904950180090964,0.0007800382445566356,0.0007565878913737833,3.90014611184597e-06,4.206694029562641e-06,3.662972630991135e-06,55,4.036697864532471
0.0,piml,large,67074,4096,33,202,success,0.0008346298127435148,0.0008208248182199895,0.0007696005050092936,3.6330168313725153e-06,3.814706360572018e-06,3.1903721264825435e-06,65,4.417438983917236
0.0,piml,large,67074,4096,33,303,success,0.000945636595133692,0.0008725200314074755,0.0008690418326295912,4.571464614855358e-06,4.567194991977885e-06,4.1903058445313945e-06,49,3.7716572284698486
0.0,piml,small,4482,1024,11,101,success,0.002363665262237191,0.002422382589429617,0.0021094540134072304,3.894623660016805e-05,3.8984893762972206e-05,2.965800740639679e-05,383,7.25229549407959
0.0,piml,small,4482,1024,11,202,success,0.002018548548221588,0.0020162160508334637,0.0017523744609206915,2.4638789909658954e-05,2.491793748049531e-05,1.7338657926302403e-05,391,6.590019226074219
0.0,piml,small,4482,1024,11,303,success,0.0021013941150158644,0.0021375755313783884,0.001803439692594111,2.7322899768478237e-05,2.7208810934098437e-05,1.9290309865027666e-05,397,5.881209373474121
0.0,piml,small,4482,1024,22,101,success,0.0022667688317596912,0.002296599792316556,0.0019380375742912292,3.383161674719304e-05,3.332475171191618e-05,2.2509890186483972e-05,398,6.586293458938599
0.0,piml,small,4482,1024,22,202,success,0.0018782706465572119,0.0019400514429435134,0.0017297678859904408,2.467355261615012e-05,2.6436278858454898e-05,1.749750845192466e-05,398,6.845025539398193
0.0,piml,small,4482,1024,22,303,success,0.0019293506629765034,0.0019441577605903149,0.0016339253634214401,2.3635242541786283e-05,2.3826840333640575e-05,1.4801401448494289e-05,384,6.468350410461426
0.0,piml,small,4482,1024,33,101,success,0.0021746382117271423,0.002106285421177745,0.0018708455609157681,3.458098944975063e-05,3.480212762951851e-05,2.3638001948711462e-05,397,7.343223810195923
0.0,piml,small,4482,1024,33,202,success,0.0019538134802132845,0.001844202633947134,0.0016776947304606438,2.4054494133451954e-05,2.3520466129411943e-05,1.6137990314746276e-05,386,7.084640979766846
0.0,piml,small,4482,1024,33,303,success,0.002161954063922167,0.002074073301628232,0.0017590427305549383,2.605667214083951e-05,2.746137215581257e-05,1.77748006535694e-05,387,7.069441795349121
0.0,piml,small,4482,128,11,101,success,0.0055546872317790985,0.0055913464166224,0.003623366355895996,0.00028172004385851324,0.00027415482327342033,0.00014873217151034623,399,3.4808759689331055
0.0,piml,small,4482,128,11,202,success,0.006613795179873705,0.006772847846150398,0.004377156961709261,0.0003281582903582603,0.00032931927125900984,0.00011976245150435716,399,3.1865923404693604
0.0,piml,small,4482,128,11,303,success,0.006155746057629585,0.006618511863052845,0.004046183545142412,0.0003593047149479389,0.00039469185867346823,9.073797264136374e-05,399,3.233739137649536
0.0,piml,small,4482,128,22,101,success,0.00743282213807106,0.007617088966071606,0.0055320532992482185,0.00042570315417833626,0.00045685359509661794,0.00023145819432102144,399,3.3232123851776123
0.0,piml,small,4482,128,22,202,success,0.007440012879669666,0.0077883219346404076,0.005329051520675421,0.00037237515789456666,0.00041123994742520154,0.00013461062917485833,399,3.546017646789551
0.0,piml,small,4482,128,22,303,success,0.005945476703345776,0.006150757893919945,0.0041091954335570335,0.0003123748174402863,0.00035353779094293714,0.00010500659846002236,399,3.340097188949585
0.0,piml,small,4482,128,33,101,success,0.00851212814450264,0.008038296364247799,0.005925663746893406,0.0007134716724976897,0.000639400735963136,0.0003060500312130898,399,3.45963978767395
0.0,piml,small,4482,128,33,202,success,0.006709148641675711,0.006335208658128977,0.0043849400244653225,0.0005162222078070045,0.000462954631075263,0.00018725609697867185,399,3.817211151123047
0.0,piml,small,4482,128,33,303,success,0.0059024877846241,0.005845831707119942,0.004119631368666887,0.0005056033260188997,0.00044974745833314955,0.00010583690163912252,399,3.4911224842071533
0.0,piml,small,4482,4096,11,101,success,0.0012931603705510497,0.0012720976956188679,0.0012043091701343656,1.0566273886070121e-05,1.0859263056772761e-05,9.235827747033909e-06,314,14.794369220733643
0.0,piml,small,4482,4096,11,202,success,0.001211073948070407,0.0012338269734755158,0.0011238915612921119,8.993116352939978e-06,9.022820449899882e-06,7.537640158261638e-06,237,12.634056091308594
0.0,piml,small,4482,4096,11,303,success,0.0012932643294334412,0.0012766252039000392,0.0012133738491684198,9.586750820744783e-06,9.02825740922708e-06,8.312012141686864e-06,210,11.219466924667358
0.0,piml,small,4482,4096,22,101,success,0.0012783926213160157,0.0012768101878464222,0.0011620103614404798,9.410241545992903e-06,9.830403541855048e-06,7.777593054925092e-06,286,13.829976558685303
0.0,piml,small,4482,4096,22,202,success,0.0013133942848071456,0.0013792949030175805,0.001270701875910163,1.0305662726750597e-05,1.1396042282285634e-05,9.198367479257286e-06,174,8.924416065216064
0.0,piml,small,4482,4096,22,303,success,0.0010584890842437744,0.001084169140085578,0.0009963249322026968,6.6035463532898575e-06,7.068126251397189e-06,5.412965037976392e-06,349,14.645159006118774
0.0,piml,small,4482,4096,33,101,success,0.001302203512750566,0.0012319148518145084,0.0011871912283822894,1.0788663530547637e-05,9.934590707416646e-06,9.077721188077703e-06,284,11.783052682876587
0.0,piml,small,4482,4096,33,202,success,0.0012722630053758621,0.0012171609560027719,0.001176190096884966,9.567027518642135e-06,8.862005415721796e-06,8.372718184546102e-06,217,8.61024785041809
0.0,piml,small,4482,4096,33,303,success,0.0013072926085442305,0.0012653276789933443,0.0011988887563347816,9.327286534244195e-06,9.178182153846137e-06,7.923791599750984e-06,199,7.611562490463257
0.0001,piml,large,67074,1024,11,101,success,0.0008354144520126283,0.0008479044772684574,0.0006866675685159862,4.887935574515723e-06,5.7564257076592185e-06,2.991449719047523e-06,241,6.337218999862671
0.0001,piml,large,67074,1024,11,202,success,0.0007728079217486084,0.0008017061045393348,0.000619808619376272,4.270334557077149e-06,4.904705747321714e-06,2.6172590423811926e-06,234,7.422276496887207
0.0001,piml,large,67074,1024,11,303,success,0.0008883995469659567,0.0009443570743314922,0.0007755042752251029,5.72706312595983e-06,6.723370461259037e-06,3.8024259083613288e-06,182,5.54246973991394
0.0001,piml,large,67074,1024,22,101,success,0.0008500195690430701,0.0008604041067883372,0.0007045933743938804,6.68091161060147e-06,6.946222583792405e-06,3.4069082630594494e-06,201,4.92575740814209
0.0001,piml,large,67074,1024,22,202,success,0.0008238584850914776,0.0008369250572286546,0.0006559605826623738,6.153908998385305e-06,6.268356628424954e-06,3.2999853374349186e-06,203,4.655721187591553
0.0001,piml,large,67074,1024,22,303,success,0.0008870222372934222,0.0009238498751074076,0.0007421819609589875,6.455358743551187e-06,7.050729436741676e-06,3.4240574677824043e-06,176,4.560760021209717
0.0001,piml,large,67074,1024,33,101,success,0.0008641562890261412,0.0008236599387601018,0.0007036346942186356,5.529319423658308e-06,5.8863938647846226e-06,3.1432057312485995e-06,217,4.935014724731445
0.0001,piml,large,67074,1024,33,202,success,0.0008133487426675856,0.0007915301248431206,0.0006697839708067477,5.433578280644724e-06,5.925175628362922e-06,2.8418744477676228e-06,296,7.12604022026062
0.0001,piml,large,67074,1024,33,303,success,0.000865500420331955,0.0008370353025384247,0.0007235826924443245,5.169608357391553e-06,5.72622184336069e-06,3.059042683162261e-06,180,4.736799955368042
0.0001,piml,large,67074,128,11,101,success,0.0029845223762094975,0.003097157459706068,0.0011581096332520247,0.00010420746548334137,0.00010648131865309551,1.0260831004416104e-05,398,4.438363313674927
0.0001,piml,large,67074,128,11,202,success,0.0029580884147435427,0.003222496248781681,0.0010472408030182123,0.00010535222827456892,0.00011564135638764128,9.855426469584927e-06,399,4.51870322227478
0.0001,piml,large,67074,128,11,303,success,0.0026907671708613634,0.0029081872198730707,0.0008589891949668527,8.656419231556356e-05,9.84189537120983e-05,3.424418991926359e-06,397,4.745889663696289
0.0001,piml,large,67074,128,22,101,success,0.002624508924782276,0.0029134289361536503,0.0008997329277917743,6.664160900982097e-05,8.191619417630136e-05,4.964265372109367e-06,399,4.5424888134002686
0.0001,piml,large,67074,128,22,202,success,0.0024829478934407234,0.0026612947694957256,0.0009270044974982738,6.32412702543661e-05,8.020563109312207e-05,6.4846885834413115e-06,399,4.420491695404053
0.0001,piml,large,67074,128,22,303,success,0.002266246359795332,0.0023867087438702583,0.0009770395699888468,6.484648474724963e-05,7.86323071224615e-05,7.78846242610598e-06,368,4.698915243148804
0.0001,piml,large,67074,128,33,101,success,0.003019751748070121,0.0027508267667144537,0.0012522394536063075,0.00019507310935296118,0.0001631565683055669,1.217291719513014e-05,399,4.672289133071899
0.0001,piml,large,67074,128,33,202,success,0.0029596269596368074,0.0026701970491558313,0.0012363310670480132,0.00014122523134574294,0.00011850646114908159,1.3893964023736771e-05,398,4.596146106719971
0.0001,piml,large,67074,128,33,303,success,0.0026978603564202785,0.0024753951001912355,0.001057492452673614,0.00011123735748697072,8.956563397077844e-05,5.600199074251577e-06,395,4.340952634811401
0.0001,piml,large,67074,4096,11,101,success,0.0007708595367148519,0.0007851013215258718,0.00074032973498106,3.985799139627488e-06,4.257604359736433e-06,3.683038812596351e-06,59,5.451166391372681
0.0001,piml,large,67074,4096,11,202,success,0.0007234199438244104,0.0007707735057920218,0.0007293313392437994,2.4949508770077955e-06,2.7063110792369116e-06,2.3869331471360056e-06,124,8.513471364974976
0.0001,piml,large,67074,4096,11,303,success,0.0008183085592463613,0.0008536195964552462,0.0008005938143469393,3.166347596561536e-06,3.5068612760369433e-06,3.0268283808254637e-06,78,6.389149904251099
0.0001,piml,large,67074,4096,22,101,success,0.0007122817914932966,0.0007256024982780218,0.0006715988856740296,3.323349119455088e-06,3.735630571100046e-06,2.8735457817674614e-06,53,4.803074836730957
0.0001,piml,large,67074,4096,22,202,success,0.0006307376315817237,0.0006517881993204355,0.0005941558629274368,2.3916695681691635e-06,2.7819448860100238e-06,2.170746483898256e-06,97,7.611313581466675
0.0001,piml,large,67074,4096,22,303,success,0.0007736993720754981,0.0008175575640052557,0.0007511709700338542,3.2304135402227985e-06,3.590726691982127e-06,2.8593083243322326e-06,72,5.842341423034668
0.0001,piml,large,67074,4096,33,101,success,0.0008034182246774435,0.0007873668801039457,0.0007516765617765486,4.58497743238695e-06,4.803499905392528e-06,4.009645635960624e-06,44,5.174304723739624
0.0001,piml,large,67074,4096,33,202,success,0.0009023819002322853,0.0008669838425703347,0.000824934511911124,4.785968030773802e-06,4.795032509719022e-06,4.217833065922605e-06,43,4.400954484939575
0.0001,piml,large,67074,4096,33,303,success,0.0009387240279465914,0.0008671564282849431,0.0008665169589221478,4.716545390692772e-06,4.680025085690431e-06,4.3317741074133664e-06,49,4.99679160118103
0.0001,piml,small,4482,1024,11,101,success,0.0023641884326934814,0.0024233816657215357,0.0021102402824908495,3.8942253013374284e-05,3.9050592022249475e-05,2.964429950225167e-05,383,6.572140693664551
0.0001,piml,small,4482,1024,11,202,success,0.0019528589909896255,0.00206523179076612,0.0017418706556782126,2.5092967916862108e-05,2.732435859797988e-05,1.8021870346274227e-05,348,6.286351680755615
0.0001,piml,small,4482,1024,11,303,success,0.0022173901088535786,0.0022202087566256523,0.0018945104675367475,2.868689625756815e-05,2.7938949642702937e-05,2.0150520867900923e-05,397,6.256161689758301
0.0001,piml,small,4482,1024,22,101,success,0.002148722531273961,0.0021500117145478725,0.00181694352068007,2.9586852178908885e-05,2.9353523132158443e-05,1.9239991161157377e-05,397,6.516993284225464
0.0001,piml,small,4482,1024,22,202,success,0.0018989534582942724,0.0019526309333741665,0.0017472872277721763,2.4736345949349925e-05,2.616419442347251e-05,1.708269519440364e-05,399,7.095551490783691
0.0001,piml,small,4482,1024,22,303,success,0.0020395522005856037,0.002055245917290449,0.001702870475128293,2.7152371330885217e-05,2.6659854484023526e-05,1.63743370649172e-05,399,6.36115837097168
0.0001,piml,small,4482,1024,33,101,success,0.0021779420785605907,0.002108205109834671,0.0018731430172920227,3.461408778093755e-05,3.482897227513604e-05,2.368157947785221e-05,397,6.34409236907959
0.0001,piml,small,4482,1024,33,202,success,0.0019641185645014048,0.0018644046504050493,0.001691505778580904,2.4085136828944087e-05,2.385165134910494e-05,1.6058716937550344e-05,386,7.68520188331604
0.0001,piml,small,4482,1024,33,303,success,0.0022367946803569794,0.00215145293623209,0.0018115409184247255,2.797585511871148e-05,2.8776954422937706e-05,1.7966092855203897e-05,397,6.397973537445068
0.0001,piml,small,4482,128,11,101,success,0.006787553895264864,0.0068685333244502544,0.004295842722058296,0.0004266040923539549,0.0004544028779491782,0.000178385031176731,399,3.0978140830993652
0.0001,piml,small,4482,128,11,202,success,0.007756831124424934,0.008107926696538925,0.004866382107138634,0.00038618859252892435,0.00041158765088766813,0.0001346282078884542,399,3.0414650440216064
0.0001,piml,small,4482,128,11,303,success,0.006099435966461897,0.0065393829718232155,0.003931879997253418,0.00035762632614932954,0.0003893017419613898,8.815616456558928e-05,399,3.149533748626709
0.0001,piml,small,4482,128,22,101,success,0.007023144513368607,0.00716381473466754,0.004403192549943924,0.00043540759361349046,0.0004678262339439243,0.00014354016457218677,399,3.2812724113464355
0.0001,piml,small,4482,128,22,202,success,0.007479581516236067,0.007883952930569649,0.005307144485414028,0.0004231751663610339,0.0004729105858132243,0.00014515708608087152,397,3.0728840827941895
0.0001,piml,small,4482,128,22,303,success,0.006709396839141846,0.006889081560075283,0.00448253657668829,0.0003905586199834943,0.00043610038119368255,0.00012209132546558976,399,3.226531505584717
0.0001,piml,small,4482,128,33,101,success,0.008394607342779636,0.007900032214820385,0.005876874551177025,0.0006939563900232315,0.0006195437163114548,0.00029855393222533166,399,2.981750726699829
0.0001,piml,small,4482,128,33,202,success,0.007379936520010233,0.007040813565254211,0.005607906728982925,0.0005528188194148242,0.0004932863521389663,0.00021968148939777166,399,3.2502553462982178
0.0001,piml,small,4482,128,33,303,success,0.0057195574045181274,0.005694848485291004,0.004096608143299818,0.00045218420564197004,0.0004019418847747147,0.00010527743143029511,399,3.1917355060577393
0.0001,piml,small,4482,4096,11,101,success,0.0012961030006408691,0.0013083736412227154,0.0012171927373856306,1.0442353413964156e-05,1.0865794138226192e-05,8.998064004117623e-06,254,13.432899713516235
0.0001,piml,small,4482,4096,11,202,success,0.001107851043343544,0.0011366293765604496,0.001034116605296731,8.05791023594793e-06,8.231760148191825e-06,6.855357241875026e-06,280,14.823790788650513
0.0001,piml,small,4482,4096,11,303,success,0.0012323951814323664,0.001257960102520883,0.0011678278679028153,8.595594408689067e-06,8.924876055971254e-06,7.755716069368646e-06,237,14.669209718704224
0.0001,piml,small,4482,4096,22,101,success,0.001209280570037663,0.0012323324335739017,0.0011507852468639612,8.697437806404196e-06,8.565405551053118e-06,7.290396752068773e-06,317,19.435842990875244
0.0001,piml,small,4482,4096,22,202,success,0.0013138753129169345,0.0013794231927022338,0.001269274391233921,1.033420721796574e-05,1.1405967597966082e-05,9.206641152559314e-06,174,11.078464031219482
0.0001,piml,small,4482,4096,22,303,success,0.001109980046749115,0.0011834722245112062,0.0010332062374800444,6.851390480733244e-06,7.73104875406716e-06,5.74074420001125e-06,277,16.3055899143219
0.0001,piml,small,4482,4096,33,101,success,0.0012972899712622166,0.0012004267191514373,0.0011494223726913333,1.0046417628473137e-05,8.92491516424343e-06,8.009425982891116e-06,354,19.635491847991943
0.0001,piml,small,4482,4096,33,202,success,0.001264745369553566,0.0012043764581903815,0.00116446940228343,9.451678124605678e-06,8.72138662089128e-06,8.203294783015735e-06,217,12.379584074020386
0.0001,piml,small,4482,4096,33,303,success,0.001235075993463397,0.0011677523143589497,0.0011094823712483048,8.26113682705909e-06,7.526861736550927e-06,6.81243727740366e-06,288,16.317858695983887
0.001,piml,large,67074,1024,11,101,success,0.0008609809447079897,0.0009037555428221822,0.0007582843536511064,4.921354047837667e-06,5.91556636209134e-06,3.3157648431370035e-06,240,5.7756359577178955
0.001,piml,large,67074,1024,11,202,success,0.0007840229081921279,0.0007944540120661259,0.000627119152341038,4.2900587686744984e-06,4.8005963435571175e-06,2.6804261779034277e-06,231,5.977792263031006
0.001,piml,large,67074,1024,11,303,success,0.0008742512436583638,0.0009392003994435072,0.0007414245046675205,5.395482730818912e-06,6.434514943975955e-06,3.386292974028038e-06,194,6.145434856414795
0.001,piml,large,67074,1024,22,101,success,0.000859556021168828,0.0008709196699783206,0.0007086640689522028,6.8219965214666445e-06,7.041305252641905e-06,3.5155549085175153e-06,201,6.245978355407715
0.001,piml,large,67074,1024,22,202,success,0.0008314866572618484,0.000849650357849896,0.0007130572339519858,5.0649832701310515e-06,5.18373963132035e-06,2.9319799068616703e-06,258,6.71235728263855
0.001,piml,large,67074,1024,22,303,success,0.0009585911175236106,0.0009646791149862111,0.0008339193882420659,6.7734190452029e-06,6.996102456469089e-06,3.97719213651726e-06,202,5.301839828491211
0.001,piml,large,67074,1024,33,101,success,0.0007899045012891293,0.0007567512220703065,0.0006397429388016462,5.0172639021184295e-06,5.425660219771089e-06,2.613344122437411e-06,217,5.743133306503296
0.001,piml,large,67074,1024,33,202,success,0.0008820660877972841,0.0008578652632422745,0.0007088627899065614,7.209837349364534e-06,7.90412650530925e-06,3.537481006787857e-06,217,5.782482385635376
0.001,piml,large,67074,1024,33,303,success,0.0010222956771031022,0.000987111940048635,0.0008843110990710557,8.260700269602239e-06,9.057926945388317e-06,5.311108452588087e-06,116,3.4462506771087646
0.001,piml,large,67074,128,11,101,success,0.002961021615192294,0.003121796529740095,0.001051450497470796,9.313496411778033e-05,9.689109720056877e-05,7.3596502261352725e-06,398,3.624389410018921
0.001,piml,large,67074,128,11,202,success,0.0028930744156241417,0.003164934925734997,0.0010434017749503255,0.00010559993097558618,0.00011617765994742513,9.381445124745369e-06,397,3.6537821292877197
0.001,piml,large,67074,128,11,303,success,0.0027833550702780485,0.003071598242968321,0.0010209277970716357,9.245286491932347e-05,0.00010752053640317172,4.939555765304249e-06,397,3.753801107406616
0.001,piml,large,67074,128,22,101,success,0.002976692281663418,0.003357198089361191,0.0011610717047005892,9.117182344198227e-05,0.00011663019540719688,8.811196494207252e-06,399,3.797745704650879
0.001,piml,large,67074,128,22,202,success,0.002730310894548893,0.0029611114878207445,0.0010826188372448087,7.584225386381149e-05,9.560045873513445e-05,1.0203914825979155e-05,397,3.6256299018859863
0.001,piml,large,67074,128,22,303,success,0.0022495477460324764,0.002394996117800474,0.0007839491008780897,5.391631930251606e-05,6.481237505795434e-05,5.5579457693966106e-06,398,3.6638314723968506
0.001,piml,large,67074,128,33,101,success,0.002832939615473151,0.0025836958084255457,0.0011498157400637865,0.00017141326679848135,0.00014435529010370374,1.10219525595312e-05,399,3.7316482067108154
0.001,piml,large,67074,128,33,202,success,0.0030161880422383547,0.0028120942879468203,0.001352032064460218,0.00015627325046807528,0.00013473592116497457,1.6010277249733917e-05,390,3.696692705154419
0.001,piml,large,67074,128,33,303,success,0.002471095649525523,0.002349047688767314,0.0008266700897365808,0.0001269949716515839,9.947180660674348e-05,5.585437520494452e-06,398,3.6602227687835693
0.001,piml,large,67074,4096,11,101,success,0.0007927508559077978,0.0008175200782716274,0.000761867908295244,4.26216320192907e-06,4.743354111269582e-06,3.965614723711042e-06,59,5.778047561645508
0.001,piml,large,67074,4096,11,202,success,0.0008005935815162957,0.0008013241458684206,0.0007552938186563551,4.806421202374622e-06,4.418226581037743e-06,4.1632542888692115e-06,45,4.938897132873535
0.001,piml,large,67074,4096,11,303,success,0.0009045964106917381,0.0009183488436974585,0.0008715525618754327,5.563075774261961e-06,6.106723049015272e-06,5.2548716666933615e-06,42,4.77186393737793
0.001,piml,large,67074,4096,22,101,success,0.0007395735010504723,0.0007442807545885444,0.0007006432861089706,3.442997012825799e-06,3.8205107557587326e-06,3.0060580229474e-06,53,5.450549364089966
0.001,piml,large,67074,4096,22,202,success,0.0007465282105840743,0.000775962951593101,0.0007028108229860663,3.7775482724100584e-06,4.231308139424073e-06,3.346421408423339e-06,56,5.62613844871521
0.001,piml,large,67074,4096,22,303,success,0.0008510251063853502,0.0008711103000678122,0.0008328008116222918,4.2383217078167945e-06,4.457638624444371e-06,3.764376515391632e-06,52,5.489960193634033
0.001,piml,large,67074,4096,33,101,success,0.0008255416760221124,0.0007881536730565131,0.0007772565586492419,4.2387782741570845e-06,4.356016233941773e-06,3.881358679791447e-06,53,6.211841821670532
0.001,piml,large,67074,4096,33,202,success,0.000757554720621556,0.0007363981567323208,0.0006929298397153616,3.6476176319411024e-06,3.6421179174794815e-06,3.097979742960888e-06,65,7.341969728469849
0.001,piml,large,67074,4096,33,303,success,0.0005873741465620697,0.0005601541488431394,0.0005352656007744372,2.0496015622484265e-06,2.1069199647172354e-06,1.8065089761876152e-06,184,13.056318044662476
0.001,piml,small,4482,1024,11,101,success,0.0023999500554054976,0.0024487776681780815,0.0021329785231500864,4.047018592245877e-05,3.950794052798301e-05,3.1138493795879185e-05,389,7.234531879425049
0.001,piml,small,4482,1024,11,202,success,0.0018691184232011437,0.0019805077463388443,0.0016193115152418613,2.2548709239345044e-05,2.3121745471144095e-05,1.523619175713975e-05,395,6.604462623596191
0.001,piml,small,4482,1024,11,303,success,0.0022428245283663273,0.002341213636100292,0.0019869287498295307,2.8266147637623362e-05,3.0196706575225107e-05,2.1380206817411818e-05,389,6.4995832443237305
0.001,piml,small,4482,1024,22,101,success,0.001915897591970861,0.0019533676095306873,0.0016790664521977305,2.4077846319414675e-05,2.5623499823268503e-05,1.7422400560462847e-05,399,6.380624055862427
0.001,piml,small,4482,1024,22,202,success,0.0018677012994885445,0.0019332477822899818,0.0017090362962335348,2.3902532120700926e-05,2.5654473574832082e-05,1.6686308299540542e-05,398,6.3939337730407715
0.001,piml,small,4482,1024,22,303,success,0.001996400998905301,0.0020481091924011707,0.0016221459954977036,2.6374660592409782e-05,2.7440051781013608e-05,1.605068609933369e-05,385,6.2089526653289795
0.001,piml,small,4482,1024,33,101,success,0.0024995319545269012,0.002396660391241312,0.0021377361845225096,3.838361953967251e-05,3.766383451875299e-05,2.669446257641539e-05,391,6.606905937194824
0.001,piml,small,4482,1024,33,202,success,0.0020673249382525682,0.001970954006537795,0.0016996175982058048,2.546303949202411e-05,2.476545523677487e-05,1.5954712580423802e-05,394,6.657704591751099
0.001,piml,small,4482,1024,33,303,success,0.0022159817162901163,0.0020921616815030575,0.0018196844030171633,2.7541800591279753e-05,2.740863783401437e-05,1.8294385881745256e-05,398,6.624119997024536
0.001,piml,small,4482,128,11,101,success,0.005500006023794413,0.0055579994805157185,0.003604264697059989,0.00027624459471553564,0.00027026404859498143,0.00014919592649675906,399,3.0494725704193115
0.001,piml,small,4482,128,11,202,success,0.008204148150980473,0.008501196280121803,0.005288603715598583,0.000460893934359774,0.0004835342988371849,0.00016276600945275277,399,2.8895223140716553
0.001,piml,small,4482,128,11,303,success,0.006337390281260014,0.0067722126841545105,0.004546664655208588,0.0003796987875830382,0.0004123444959986955,9.797140955924988e-05,399,3.0676040649414062
0.001,piml,small,4482,128,22,101,success,0.008410288952291012,0.0086133424192667,0.0055951811373233795,0.0005379781941883266,0.0005780284409411252,0.00022389226069208235,399,3.321234941482544
0.001,piml,small,4482,128,22,202,success,0.007239372469484806,0.007615334820002317,0.0049172863364219666,0.0004199712129775435,0.0004670089983846992,0.00014067758456803858,399,3.188084125518799
0.001,piml,small,4482,128,22,303,success,0.005927881225943565,0.006129866000264883,0.004049524664878845,0.00031020439928397536,0.00035116926301270723,0.00010406297951703891,399,3.2177093029022217
0.001,piml,small,4482,128,33,101,success,0.007104041520506144,0.0068074921146035194,0.004998361226171255,0.0005562059232033789,0.0005052271299064159,0.00021500152070075274,398,3.1746225357055664
0.001,piml,small,4482,128,33,202,success,0.006696517113596201,0.006334465462714434,0.004384014755487442,0.0005186370108276606,0.00046514245332218707,0.0001872005086624995,399,3.1556894779205322
0.001,piml,small,4482,128,33,303,success,0.005917183123528957,0.005860525649040937,0.004119873978197575,0.0005090548656880856,0.0004528982099145651,0.00010640427353791893,398,3.259897470474243
0.001,piml,small,4482,4096,11,101,success,0.0013498710468411446,0.0013528498820960522,0.001262661418877542,1.1376248039596248e-05,1.1915925824723672e-05,9.944177691068035e-06,273,13.121456384658813
0.001,piml,small,4482,4096,11,202,success,0.0011205822229385376,0.001118538319133222,0.0010355960112065077,8.269437785202172e-06,8.29209602670744e-06,7.18497585694422e-06,308,16.68344283103943
0.001,piml,small,4482,4096,11,303,success,0.0012254248140379786,0.0012078905710950494,0.0011218850268051028,8.73205135576427e-06,8.626266208011657e-06,7.404603366012452e-06,242,12.682026147842407
0.001,piml,small,4482,4096,22,101,success,0.0012190841371193528,0.0012094501871615648,0.0011050107423216105,8.765636266616639e-06,8.350260031875223e-06,7.0319915721483994e-06,332,16.750327825546265
0.001,piml,small,4482,4096,22,202,success,0.0010793887777253985,0.0011078144889324903,0.0010117014171555638,6.894910256960429e-06,7.249988357216353e-06,5.741809673054377e-06,283,15.080752611160278
0.001,piml,small,4482,4096,22,303,success,0.001155948848463595,0.0011709361569955945,0.0010954465251415968,7.168490810727235e-06,7.961652045196388e-06,6.23504138275166e-06,251,12.829560279846191
0.001,piml,small,4482,4096,33,101,success,0.001316520618274808,0.0012231720611453056,0.0011734331492334604,1.0803137229231652e-05,9.76008868747158e-06,8.582024747738615e-06,320,16.632248401641846
0.001,piml,small,4482,4096,33,202,success,0.0013619279488921165,0.001282156677916646,0.0012706361012533307,1.1236501450184733e-05,1.0420185390103143e-05,9.85945007414557e-06,206,10.809090614318848
0.001,piml,small,4482,4096,33,303,success,0.0012655186001211405,0.001245916704647243,0.0011518868850544095,8.658708793518599e-06,8.938782229961362e-06,7.304193786694668e-06,251,12.762972831726074
0.01,piml,large,67074,1024,11,101,success,0.001912950538098812,0.001950425561517477,0.0018625562079250813,1.791499016690068e-05,1.9723021978279576e-05,1.5740113667561673e-05,106,3.088067054748535
0.01,piml,large,67074,1024,11,202,success,0.0017873506294563413,0.0017988851759582758,0.001727971131913364,2.0134802980464883e-05,2.2429712771554478e-05,1.768399670254439e-05,102,3.1071507930755615
0.01,piml,large,67074,1024,11,303,success,0.0019262343412265182,0.002012192737311125,0.0019004263449460268,2.9573739084298722e-05,3.3757656638044864e-05,2.5747474865056574e-05,56,1.956444501876831
0.01,piml,large,67074,1024,22,101,success,0.0018185327062383294,0.0018542102770879865,0.001777150435373187,1.893586704682093e-05,2.0263883925508708e-05,1.4825272046437021e-05,101,3.1039464473724365
0.01,piml,large,67074,1024,22,202,success,0.0020316799636930227,0.0020802931394428015,0.001991314347833395,2.5102850486291572e-05,2.6327032173867337e-05,2.021911677729804e-05,106,3.747265577316284
0.01,piml,large,67074,1024,22,303,success,0.0018847996834665537,0.0019783240277320147,0.0019250799668952823,2.088804103550501e-05,2.3458584109903313e-05,1.7662643585936166e-05,75,2.455491065979004
0.01,piml,large,67074,1024,33,101,success,0.001963024027645588,0.0018885887693613768,0.0018436103127896786,2.657374534464907e-05,2.689695975277573e-05,2.0165784007986076e-05,70,2.5107882022857666
0.01,piml,large,67074,1024,33,202,success,0.0015832906356081367,0.0015109408413991332,0.0014214621623978019,1.322541447734693e-05,1.3840097381034866e-05,9.191581739287358e-06,219,5.831098318099976
0.01,piml,large,67074,1024,33,303,success,0.0019165098201483488,0.0018308886792510748,0.001783832791261375,2.512231731088832e-05,2.6047062419820577e-05,1.861234341049567e-05,60,2.359915256500244
0.01,piml,large,67074,128,11,101,success,0.00382775510661304,0.003887551138177514,0.002466332633048296,0.0001196171942865476,0.00011703653581207618,2.6429868739796802e-05,395,3.8000144958496094
0.01,piml,large,67074,128,11,202,success,0.003697238862514496,0.003956683445721865,0.002390571404248476,0.0001181763072963804,0.00012854757369495928,2.6877596610574983e-05,373,3.739405393600464
0.01,piml,large,67074,128,11,303,success,0.003279448254033923,0.0034971581771969795,0.002118841279298067,9.434163075638935e-05,0.0001043022348312661,1.817894917621743e-05,383,3.8774254322052
0.01,piml,large,67074,128,22,101,success,0.00368708954192698,0.003955353982746601,0.0024547355715185404,9.303813567385077e-05,0.00011156178516102955,2.8729409677907825e-05,248,2.7168128490448
0.01,piml,large,67074,128,22,202,success,0.0031744211446493864,0.0033697173930704594,0.002079335507005453,7.543369429185987e-05,9.001916623674333e-05,2.0785520973731764e-05,379,3.6996376514434814
0.01,piml,large,67074,128,22,303,success,0.003183379303663969,0.0034226125571876764,0.0022809524089097977,8.745497325435281e-05,0.00010461389319971204,2.4486900656484067e-05,380,3.746286630630493
0.01,piml,large,67074,128,33,101,success,0.00406020088121295,0.003721456276252866,0.0022573829628527164,0.0002434352645650506,0.00020465452689677477,2.8776117687812075e-05,352,3.717491388320923
0.01,piml,large,67074,128,33,202,success,0.003692924277856946,0.003397367661818862,0.0022366049233824015,0.00014449027366936207,0.00012276363850105554,2.515374217182398e-05,389,3.8045780658721924
0.01,piml,large,67074,128,33,303,success,0.003255109768360853,0.003058875445276499,0.002039397833868861,0.00011888614972122014,0.0001002080098260194,1.9887618691427633e-05,398,3.826388120651245
0.01,piml,large,67074,4096,11,101,success,0.001469448208808899,0.001515741809271276,0.0014876306522637606,9.750892786541954e-06,9.90134594758274e-06,9.800177394936327e-06,102,8.17898178100586
0.01,piml,large,67074,4096,11,202,success,0.0014921482652425766,0.0015263062668964267,0.0014795023016631603,1.1759261724364478e-05,1.2221081306051929e-05,1.179755236080382e-05,35,4.471089839935303
0.01,piml,large,67074,4096,11,303,success,0.0013700167182832956,0.0014166446635499597,0.0013881445629522204,8.72892178449547e-06,9.702925126475748e-06,9.098241207539104e-06,55,5.504425525665283
0.01,piml,large,67074,4096,22,101,success,0.0011900244280695915,0.0012285304255783558,0.001193027594126761,6.52760991215473e-06,7.116156666597817e-06,6.5508070292708e-06,107,8.552807331085205
0.01,piml,large,67074,4096,22,202,success,0.001192705356515944,0.0012380154803395271,0.0011850717710331082,7.0551859607803635e-06,7.687621291552205e-06,6.876466613903176e-06,62,5.817409992218018
0.01,piml,large,67074,4096,22,303,success,0.0016121355583891273,0.0016921303467825055,0.0017209321958944201,1.1127476682304405e-05,1.2041464287904091e-05,1.2032349332002923e-05,72,6.465755224227905
0.01,piml,large,67074,4096,33,101,success,0.0016347808996215463,0.0015660009812563658,0.0015849368646740913,1.2264943507034332e-05,1.2329663150012493e-05,1.1620736586337443e-05,48,5.13170599937439
0.01,piml,large,67074,4096,33,202,success,0.0017754246946424246,0.0016692114295437932,0.001638447749428451,2.1415566152427346e-05,2.0226383639965206e-05,1.818427517719101e-05,22,3.6167566776275635
0.01,piml,large,67074,4096,33,303,success,0.001724132220260799,0.001657950459048152,0.0016448925016447902,1.4728708265465684e-05,1.4474215277004987e-05,1.3514637430489529e-05,24,3.7727506160736084
0.01,piml,small,4482,1024,11,101,success,0.0032263032626360655,0.003373293671756983,0.003021923126652837,6.454934919020161e-05,7.046121027087793e-05,5.473309283843264e-05,202,4.239551782608032
0.01,piml,small,4482,1024,11,202,success,0.0028881193138659,0.0030583825428038836,0.0028446775395423174,5.1468185120029375e-05,5.594258982455358e-05,4.6373228542506695e-05,183,4.070631980895996
0.01,piml,small,4482,1024,11,303,success,0.0025382961612194777,0.0026705737691372633,0.0023683924227952957,3.3999705919995904e-05,3.7377511034719646e-05,2.821772613970097e-05,297,5.928435564041138
0.01,piml,small,4482,1024,22,101,success,0.002916510682553053,0.0029741341713815928,0.002643395448103547,4.9096750444732606e-05,5.025669088354334e-05,3.735000063898042e-05,313,6.123270034790039
0.01,piml,small,4482,1024,22,202,success,0.00254133646376431,0.002668771892786026,0.002414022572338581,3.720530366990715e-05,4.1319424781249836e-05,2.877598126360681e-05,304,5.945051670074463
0.01,piml,small,4482,1024,22,303,success,0.00280370912514627,0.00294134090654552,0.0027494921814650297,4.281686051399447e-05,4.7119079681579024e-05,3.630502396845259e-05,274,5.4301300048828125
0.01,piml,small,4482,1024,33,101,success,0.00287625752389431,0.002821090631186962,0.0026685292832553387,5.387538476497866e-05,5.6688168115215376e-05,4.105156767764129e-05,215,4.766797065734863
0.01,piml,small,4482,1024,33,202,success,0.0030671865679323673,0.002887335140258074,0.0027150483801960945,6.249565922189504e-05,5.905148645979352e-05,4.480611823964864e-05,208,4.25941014289856
0.01,piml,small,4482,1024,33,303,success,0.002690444700419903,0.00265529565513134,0.002344635082408786,3.7154477467993274e-05,3.978283712058328e-05,2.6759194952319376e-05,360,7.151868581771851
0.01,piml,small,4482,128,11,101,success,0.007658820599317551,0.007774179335683584,0.005345704033970833,0.0004804087511729449,0.0005089237238280475,0.00025084594381041825,399,3.3632254600524902
0.01,piml,small,4482,128,11,202,success,0.00855917390435934,0.008890952914953232,0.005912370979785919,0.0004678418627008796,0.0004907560651190579,0.00018575781723484397,399,3.3047451972961426
0.01,piml,small,4482,128,11,303,success,0.007010431960225105,0.007486886344850063,0.005448264069855213,0.00040508541860617697,0.00044113537296652794,0.0001399774191668257,399,3.517169952392578
0.01,piml,small,4482,128,22,101,success,0.009533700533211231,0.009928116574883461,0.007082216441631317,0.0006805668235756457,0.0007485874812118709,0.0003754543431568891,398,3.620089292526245
0.01,piml,small,4482,128,22,202,success,0.006713070906698704,0.007121065631508827,0.004809210076928139,0.0003271276946179569,0.0003710734308697283,0.00012193379370728508,399,4.334391117095947
0.01,piml,small,4482,128,22,303,success,0.006897555664181709,0.0071258023381233215,0.004977088421583176,0.0003054153348784894,0.00033897918183356524,0.00012416693789418787,399,3.4366767406463623
0.01,piml,small,4482,128,33,101,success,0.007861018180847168,0.007431371137499809,0.00564713217318058,0.0005807664711028337,0.0005216356366872787,0.00025058077881112695,399,3.4819624423980713
0.01,piml,small,4482,128,33,202,success,0.007305176928639412,0.006930101662874222,0.005170484073460102,0.0005497225793078542,0.0004976408672519028,0.00020852031593676656,399,3.3327369689941406
0.01,piml,small,4482,128,33,303,success,0.006551649421453476,0.0064231338910758495,0.004875640384852886,0.0005274909199215472,0.0004677466640714556,0.0001427224196959287,398,3.3743789196014404
0.01,piml,small,4482,4096,11,101,success,0.0025420754682272673,0.002485074335709214,0.002430201042443514,3.760665640584193e-05,3.668773570097983e-05,3.496733188512735e-05,73,5.291774272918701
0.01,piml,small,4482,4096,11,202,success,0.002049344824627042,0.0021455050446093082,0.0020368853583931923,2.22231428779196e-05,2.365910040680319e-05,2.187167774536647e-05,95,6.618963956832886
0.01,piml,small,4482,4096,11,303,success,0.0019479230977594852,0.0019203711999580264,0.00191202643327415,1.9309940398670733e-05,1.938236346177291e-05,1.9089064153376967e-05,113,7.133033275604248
0.01,piml,small,4482,4096,22,101,success,0.0019863592460751534,0.0020331013947725296,0.0019553727470338345,1.9623044863692485e-05,2.0828863853239454e-05,1.9177703507011756e-05,197,10.79276442527771
0.01,piml,small,4482,4096,22,202,success,0.0018727323040366173,0.0019167499849572778,0.0018970620585605502,1.8122167602996342e-05,1.8357461158302613e-05,1.6786192645668052e-05,125,7.599380016326904
0.01,piml,small,4482,4096,22,303,success,0.0019715558737516403,0.0021008679177612066,0.0019076882163062692,1.8604470824357122e-05,2.2008362066117115e-05,1.705977956589777e-05,133,7.752960205078125
0.01,piml,small,4482,4096,33,101,success,0.002240048488602042,0.002120416844263673,0.002074811840429902,2.737038812483661e-05,2.4879731427063234e-05,2.3747783416183665e-05,143,8.570323705673218
0.01,piml,small,4482,4096,33,202,success,0.001659213681705296,0.001634896150790155,0.0016092703444883227,1.401347981300205e-05,1.4003966498421505e-05,1.3490678611560725e-05,210,11.176053047180176
0.01,piml,small,4482,4096,33,303,success,0.0015705974074080586,0.0015037739649415016,0.0014685058267787099,1.1750273188226856e-05,1.1085406185884494e-05,1.0154272786166985e-05,213,11.413643836975098
0.1,piml,large,67074,1024,11,101,success,0.015191929414868355,0.015530218370258808,0.01584063656628132,0.0010485516395419836,0.0010586816351860762,0.0011033564805984497,26,1.4356091022491455
0.1,piml,large,67074,1024,11,202,success,0.01578977145254612,0.015939006581902504,0.016247235238552094,0.0011468316661193967,0.0011340671917423606,0.001182373147457838,109,3.452468156814575
0.1,piml,large,67074,1024,11,303,success,0.015437724068760872,0.01564616709947586,0.016015924513339996,0.0011431076563894749,0.0011388312559574842,0.0011815946782007813,49,1.8663456439971924
0.1,piml,large,67074,1024,22,101,success,0.015597071498632431,0.01588943786919117,0.016335904598236084,0.0011293153511360288,0.0011523477733135223,0.0011559921549633145,87,2.7534563541412354
0.1,piml,large,67074,1024,22,202,success,0.015843424946069717,0.016081802546977997,0.016563255339860916,0.0011646683560684323,0.0011740204645320773,0.0011797043262049556,66,2.213809013366699
0.1,piml,large,67074,1024,22,303,success,0.015345746651291847,0.01566888764500618,0.01617080345749855,0.0011145416647195816,0.0011360712815076113,0.0011412568856030703,120,3.3977341651916504
0.1,piml,large,67074,1024,33,101,success,0.015821358188986778,0.015465114265680313,0.01568753458559513,0.0010865340009331703,0.001103620626963675,0.0010830826358869672,65,2.605652332305908
0.1,piml,large,67074,1024,33,202,success,0.015979645773768425,0.015546707436442375,0.01578633114695549,0.001142005785368383,0.0011479513486847281,0.0011225955095142126,24,1.594632625579834
0.1,piml,large,67074,1024,33,303,success,0.016207920387387276,0.015849251300096512,0.0160555150359869,0.001167162088677287,0.0011841548839583993,0.0011687990045174956,56,2.5247204303741455
0.1,piml,large,67074,128,11,101,success,0.017040207982063293,0.017188705503940582,0.018871918320655823,0.0013520732754841447,0.0013084403472021222,0.0014534288784489036,258,3.6282224655151367
0.1,piml,large,67074,128,11,202,success,0.01698783040046692,0.017209019511938095,0.018846193328499794,0.0013080856297165155,0.0012841310817748308,0.0014400217914953828,395,4.944293975830078
0.1,piml,large,67074,128,11,303,success,0.017520330846309662,0.017649468034505844,0.019242839887738228,0.0015573464334011078,0.001550999702885747,0.0016518678748980165,89,1.6452524662017822
0.1,piml,large,67074,128,22,101,success,0.016805537045001984,0.017192702740430832,0.01717848889529705,0.0013197934022173285,0.0013600763631984591,0.0012597794411703944,265,3.9398415088653564
0.1,piml,large,67074,128,22,202,success,0.017592109739780426,0.017946597188711166,0.017516981810331345,0.001363897230476141,0.0013966145925223827,0.0012712553143501282,386,4.72630500793457
0.1,piml,large,67074,128,22,303,success,0.016871875151991844,0.017244631424546242,0.01734778843820095,0.0013130925362929702,0.0013440513284876943,0.0012609376572072506,332,4.894062042236328
0.1,piml,large,67074,128,33,101,success,0.017685092985630035,0.01722828671336174,0.01674402505159378,0.0015516001731157303,0.0015320238890126348,0.0013022725470364094,223,3.352534770965576
0.1,piml,large,67074,128,33,202,success,0.019732318818569183,0.01887645199894905,0.020064080134034157,0.0029921254608780146,0.0028465725481510162,0.0025426491629332304,49,1.1303386688232422
0.1,piml,large,67074,128,33,303,success,0.01775846630334854,0.017336895689368248,0.01669064164161682,0.0016006476944312453,0.001568674691952765,0.0013090947177261114,225,2.4888503551483154
0.1,piml,large,67074,4096,11,101,success,0.015793854370713234,0.015899302437901497,0.016035275533795357,0.0011823122622445226,0.001165516790933907,0.0012144026113674045,16,3.81380558013916
0.1,piml,large,67074,4096,11,202,success,0.013420455157756805,0.013586937449872494,0.013643283396959305,0.0007692381623201072,0.0007647461607120931,0.0007861414924263954,99,9.194796800613403
0.1,piml,large,67074,4096,11,303,success,0.013306212611496449,0.01351903472095728,0.01354809571057558,0.0007741792360320687,0.0007659861585125327,0.0007913093431852758,50,6.368706226348877
0.1,piml,large,67074,4096,22,101,success,0.015650538727641106,0.015995599329471588,0.01605074107646942,0.001122511108405888,0.0011491033947095275,0.001156063750386238,13,3.524134874343872
0.1,piml,large,67074,4096,22,202,success,0.013982955366373062,0.014245318248867989,0.014398635365068913,0.0008599321590736508,0.0008722600759938359,0.0008877521031536162,94,8.837803840637207
0.1,piml,large,67074,4096,22,303,success,0.012061461806297302,0.012380029074847698,0.012355412356555462,0.0005614580004476011,0.0005730476696044207,0.0005711744306609035,94,9.088029861450195
0.1,piml,large,67074,4096,33,101,success,0.013846076093614101,0.013450904749333858,0.013450474478304386,0.0007659163675270975,0.0007596813957206905,0.0007509023416787386,104,9.517598628997803
0.1,piml,large,67074,4096,33,202,success,0.014567269012331963,0.014258685521781445,0.014232458546757698,0.0009271235903725028,0.0009411381324753165,0.0009259964572265744,129,10.120531797409058
0.1,piml,large,67074,4096,33,303,success,0.014794734306633472,0.014443645253777504,0.014469075947999954,0.0009288717992603779,0.0009375680820085108,0.0009275588672608137,90,8.718462467193604
0.1,piml,small,4482,1024,11,101,success,0.01661715656518936,0.016942664980888367,0.016985571011900902,0.0012847972102463245,0.0013140958035364747,0.0013279990525916219,92,2.3051302433013916
0.1,piml,small,4482,1024,11,202,success,0.016199182718992233,0.01645530015230179,0.016718320548534393,0.0012162227649241686,0.0012235176982358098,0.001262117177248001,138,2.9003801345825195
0.1,piml,small,4482,1024,11,303,success,0.017182650044560432,0.01751401647925377,0.017379263415932655,0.0013415711000561714,0.001365699339658022,0.0013593366602435708,73,2.0133132934570312
0.1,piml,small,4482,1024,22,101,success,0.016427524387836456,0.016927771270275116,0.017239965498447418,0.0012631958816200495,0.0013225020375102758,0.0013135081389918923,77,2.1366934776306152
0.1,piml,small,4482,1024,22,202,success,0.01634032651782036,0.016744837164878845,0.016959138214588165,0.001237635500729084,0.0012832622742280364,0.0012535025598481297,142,3.0626726150512695
0.1,piml,small,4482,1024,22,303,success,0.015982959419488907,0.01634502224624157,0.016786158084869385,0.0012047395575791597,0.0012430635979399085,0.0012320780660957098,135,3.070355176925659
0.1,piml,small,4482,1024,33,101,success,0.016960158944129944,0.01644110307097435,0.016600001603364944,0.0012313281185925007,0.0012359339743852615,0.0012262820964679122,148,3.2137439250946045
0.1,piml,small,4482,1024,33,202,success,0.01687518134713173,0.016501203179359436,0.01676100492477417,0.0013115819310769439,0.0013256568927317858,0.001295246765948832,117,2.943389654159546
0.1,piml,small,4482,1024,33,303,success,0.015860335901379585,0.015713734552264214,0.01580919325351715,0.0011350654531270266,0.0011769828852266073,0.0011379666393622756,134,3.020000696182251
0.1,piml,small,4482,128,11,101,success,0.01931913010776043,0.01964167132973671,0.020098723471164703,0.0017624713946133852,0.0018045625183731318,0.0017503093695268035,388,3.5340683460235596
0.1,piml,small,4482,128,11,202,success,0.019877959042787552,0.02030307427048683,0.020105738192796707,0.0017004108522087336,0.0017097370000556111,0.0016232322668656707,398,3.237886905670166
0.1,piml,small,4482,128,11,303,success,0.018602535128593445,0.019220268353819847,0.01954655908048153,0.0016340635484084487,0.0016491333954036236,0.001558919670060277,391,3.2810323238372803
0.1,piml,small,4482,128,22,101,success,0.019226424396038055,0.019827568903565407,0.01811383105814457,0.0016931860009208322,0.0017856685444712639,0.0014129841001704335,396,3.298157215118408
0.1,piml,small,4482,128,22,202,success,0.019068153575062752,0.01971910148859024,0.018357058987021446,0.0016116031911224127,0.0016970259603112936,0.0013968611601740122,397,3.1152734756469727
0.1,piml,small,4482,128,22,303,success,0.01849028281867504,0.01866539940237999,0.018195753917098045,0.0015532480319961905,0.0015858035767450929,0.0013738403795287013,399,3.262080192565918
0.1,piml,small,4482,128,33,101,success,0.02141847275197506,0.020691242069005966,0.019344713538885117,0.002221581758931279,0.0021506305783987045,0.0016729601193219423,397,3.349351644515991
0.1,piml,small,4482,128,33,202,success,0.019722647964954376,0.01923714578151703,0.018128324300050735,0.0019767757039517164,0.0019370424561202526,0.0015289802104234695,399,3.2058629989624023
0.1,piml,small,4482,128,33,303,success,0.018684256821870804,0.0183369442820549,0.017686421051621437,0.001893170760013163,0.0018245489336550236,0.0014215217670425773,399,3.0975940227508545
0.1,piml,small,4482,4096,11,101,success,0.016260657459497452,0.016415048390626907,0.016453780233860016,0.0012065244372934103,0.0011908632004633546,0.0012241002405062318,72,4.940036773681641
0.1,piml,small,4482,4096,11,202,success,0.015682827681303024,0.015808595344424248,0.015900662168860435,0.001134128076955676,0.0011110729537904263,0.0011552947107702494,113,6.879366397857666
0.1,piml,small,4482,4096,11,303,success,0.014552250504493713,0.014722523279488087,0.014798654243350029,0.0009641849319450557,0.0009554856223985553,0.000987193314358592,174,9.424571990966797
0.1,piml,small,4482,4096,22,101,success,0.01589668169617653,0.016174668446183205,0.016292722895741463,0.0011722928611561656,0.0011933244531974196,0.0012062452733516693,48,3.8478221893310547
0.1,piml,small,4482,4096,22,202,success,0.01591711863875389,0.016168219968676567,0.016387034207582474,0.0011964656878262758,0.0012162488419562578,0.0012405203888192773,95,6.12916374206543
0.1,piml,small,4482,4096,22,303,success,0.015704110264778137,0.016061099246144295,0.016102347522974014,0.0011154478415846825,0.001155850593931973,0.0011612344533205032,42,3.6156845092773438
0.1,piml,small,4482,4096,33,101,success,0.01685381680727005,0.01633526012301445,0.016473840922117233,0.001323094591498375,0.0013239396503195167,0.0013207924785092473,27,3.3233675956726074
0.1,piml,small,4482,4096,33,202,success,0.015991248190402985,0.01577417366206646,0.015737488865852356,0.001118740881793201,0.00114051706623286,0.0011316119926050305,133,7.79018497467041
0.1,piml,small,4482,4096,33,303,success,0.015545142814517021,0.015230739489197731,0.015180173330008984,0.001030071871355176,0.0010408844100311399,0.0010275188833475113,138,11.403170824050903
1.0,piml,large,67074,1024,11,101,success,0.06175736337900162,0.061674587428569794,0.06232099235057831,0.021098293364048004,0.021200357005000114,0.02126500755548477,2,0.8957083225250244
1.0,piml,large,67074,1024,11,202,success,0.070408895611763,0.07188147306442261,0.07182727754116058,0.020420018583536148,0.020354751497507095,0.021043522283434868,74,2.9639439582824707
1.0,piml,large,67074,1024,11,303,success,0.058487191796302795,0.059073660522699356,0.05919612944126129,0.015881266444921494,0.015896042808890343,0.016060376539826393,2,1.2376677989959717
1.0,piml,large,67074,1024,22,101,success,0.059142161160707474,0.05990341305732727,0.06185956299304962,0.019472820684313774,0.01993275061249733,0.019768856465816498,2,0.9119641780853271
1.0,piml,large,67074,1024,22,202,success,0.06992078572511673,0.07060299813747406,0.07315080612897873,0.02050607278943062,0.020498786121606827,0.02085506170988083,88,3.0096166133880615
1.0,piml,large,67074,1024,22,303,success,0.05236467719078064,0.0524752251803875,0.05379640311002731,0.014095129445195198,0.01426398940384388,0.014215828850865364,2,0.995546817779541
1.0,piml,large,67074,1024,33,101,success,0.06397277116775513,0.06263572722673416,0.06201959773898125,0.022045621648430824,0.02189200185239315,0.021133996546268463,2,0.77059006690979
1.0,piml,large,67074,1024,33,202,success,0.07186325639486313,0.07034382224082947,0.07096074521541595,0.020320100709795952,0.020477566868066788,0.020345546305179596,22,1.4187405109405518
1.0,piml,large,67074,1024,33,303,success,0.0591127946972847,0.05706192925572395,0.057611748576164246,0.015581971034407616,0.01525399461388588,0.015251060016453266,2,0.8693239688873291
1.0,piml,large,67074,128,11,101,success,0.05939796566963196,0.0596633106470108,0.06074003875255585,0.01734996773302555,0.017357489094138145,0.017767535522580147,24,0.5285370349884033
1.0,piml,large,67074,128,11,202,success,0.07015424966812134,0.07079124450683594,0.07460645586252213,0.023016836494207382,0.02313203364610672,0.024485455825924873,26,0.615227460861206
1.0,piml,large,67074,128,11,303,success,0.04991345852613449,0.05023586004972458,0.053558845072984695,0.011754288338124752,0.011815948411822319,0.012666553258895874,22,0.4897019863128662
1.0,piml,large,67074,128,22,101,success,0.0616258829832077,0.06267459690570831,0.05887598544359207,0.0192364864051342,0.019528143107891083,0.01815829612314701,23,0.5742888450622559
1.0,piml,large,67074,128,22,202,success,0.07049226760864258,0.07130005210638046,0.07435642927885056,0.02058546058833599,0.02063809707760811,0.02106921374797821,284,2.931303024291992
1.0,piml,large,67074,128,22,303,success,0.04947340860962868,0.04992876201868057,0.04766479507088661,0.012073812074959278,0.012165150605142117,0.011301791295409203,22,0.6651444435119629
1.0,piml,large,67074,128,33,101,success,0.05535372719168663,0.05468018352985382,0.05552007257938385,0.017836403101682663,0.01786380261182785,0.01782413385808468,23,0.5430195331573486
1.0,piml,large,67074,128,33,202,success,0.06731706857681274,0.06627857685089111,0.06821535527706146,0.029847633093595505,0.030264008790254593,0.030079761520028114,24,0.6462628841400146
1.0,piml,large,67074,128,33,303,success,0.05477864667773247,0.0532124787569046,0.052197448909282684,0.01431698352098465,0.014082400128245354,0.013248156756162643,20,0.6624455451965332
1.0,piml,large,67074,4096,11,101,success,0.07058020681142807,0.07197344303131104,0.07152032852172852,0.020549291744828224,0.020423615351319313,0.021002229303121567,15,3.295635461807251
1.0,piml,large,67074,4096,11,202,success,0.07013799995183945,0.0716170221567154,0.07111918926239014,0.020141813904047012,0.020055705681443214,0.020606476813554764,15,2.922072649002075
1.0,piml,large,67074,4096,11,303,success,0.06618623435497284,0.06761004775762558,0.06716784834861755,0.017700806260108948,0.017627110704779625,0.018089501187205315,60,5.503830194473267
1.0,piml,large,67074,4096,22,101,success,0.06948233395814896,0.07027562707662582,0.07103321701288223,0.02021460048854351,0.020295875146985054,0.02064787968993187,8,2.782172918319702
1.0,piml,large,67074,4096,22,202,success,0.06528029590845108,0.06591974198818207,0.06675262004137039,0.017568036913871765,0.017555946484208107,0.017935026437044144,121,9.939120769500732
1.0,piml,large,67074,4096,22,303,success,0.06557786464691162,0.06634850800037384,0.06717386096715927,0.017868341878056526,0.017911532893776894,0.01830948144197464,74,6.3250579833984375
1.0,piml,large,67074,4096,33,101,success,0.06997096538543701,0.06873993575572968,0.06868000328540802,0.019506683573126793,0.01977093704044819,0.019627699628472328,90,8.029644012451172
1.0,piml,large,67074,4096,33,202,success,0.07242986559867859,0.07091958820819855,0.07098057866096497,0.020457355305552483,0.020626822486519814,0.02049609273672104,6,2.6571762561798096
1.0,piml,large,67074,4096,33,303,success,0.06829874217510223,0.0669517070055008,0.06699280440807343,0.01815870776772499,0.01834479719400406,0.018213581293821335,71,6.760959625244141
1.0,piml,small,4482,1024,11,101,success,0.07030211389064789,0.07171473652124405,0.07165530323982239,0.02030126005411148,0.020217683166265488,0.020851217210292816,138,3.1431965827941895
1.0,piml,small,4482,1024,11,202,success,0.07079882174730301,0.07248686999082565,0.07218679785728455,0.020437492057681084,0.020532501861453056,0.02107292227447033,47,1.6607129573822021
1.0,piml,small,4482,1024,11,303,success,0.07017636299133301,0.07174061983823776,0.07144855707883835,0.019900407642126083,0.019839324057102203,0.020439788699150085,120,2.997584581375122
1.0,piml,small,4482,1024,22,101,success,0.0697178840637207,0.0704294964671135,0.07291291654109955,0.020194316282868385,0.02020532637834549,0.020590346306562424,153,3.8194124698638916
1.0,piml,small,4482,1024,22,202,success,0.06996603310108185,0.07074298709630966,0.0729873850941658,0.020566757768392563,0.02067522332072258,0.020838893949985504,199,4.91784143447876
1.0,piml,small,4482,1024,22,303,success,0.07058398425579071,0.07128480076789856,0.0734909176826477,0.02033938094973564,0.020373260602355003,0.020627005025744438,95,2.241901159286499
1.0,piml,small,4482,1024,33,101,success,0.07333559542894363,0.0714707300066948,0.07204180955886841,0.02087441273033619,0.02095778100192547,0.020772002637386322,83,2.095611572265625
1.0,piml,small,4482,1024,33,202,success,0.0726197138428688,0.07125087082386017,0.07179001718759537,0.020825939252972603,0.02101198211312294,0.020886696875095367,109,2.532912015914917
1.0,piml,small,4482,1024,33,303,success,0.07256241142749786,0.07103288918733597,0.07150150835514069,0.020492330193519592,0.020624225959181786,0.020463166758418083,70,2.014970064163208
1.0,piml,small,4482,128,11,101,success,0.07261797785758972,0.07418833673000336,0.08073947578668594,0.02126975916326046,0.021218298003077507,0.023013746365904808,390,4.030855894088745
1.0,piml,small,4482,128,11,202,success,0.07369611412286758,0.07526138424873352,0.0811152383685112,0.021401023492217064,0.02128307893872261,0.023112380877137184,399,3.774853467941284
1.0,piml,small,4482,128,11,303,success,0.07520399242639542,0.07693975418806076,0.08155383914709091,0.021934008225798607,0.021902434527873993,0.023037347942590714,392,3.5694613456726074
1.0,piml,small,4482,128,22,101,success,0.07214698195457458,0.07331668585538864,0.07540930062532425,0.021154912188649178,0.02151728980243206,0.02155516855418682,388,3.7474002838134766
1.0,piml,small,4482,128,22,202,success,0.07561135292053223,0.07685500383377075,0.07815705239772797,0.025666523724794388,0.026590680703520775,0.028691653162240982,78,1.0704565048217773
1.0,piml,small,4482,128,22,303,success,0.08001287281513214,0.08061523735523224,0.07992622256278992,0.025151243433356285,0.025676948949694633,0.025388222187757492,72,1.0426452159881592
1.0,piml,small,4482,128,33,101,success,0.07495652139186859,0.07316064089536667,0.07398464530706406,0.02244509942829609,0.022494938224554062,0.021923955529928207,385,3.5112709999084473
1.0,piml,small,4482,128,33,202,success,0.07462314516305923,0.07319854944944382,0.07401125133037567,0.02210783027112484,0.022231802344322205,0.021878745406866074,397,3.6915459632873535
1.0,piml,small,4482,128,33,303,success,0.07426576316356659,0.07282575964927673,0.07419443875551224,0.022564636543393135,0.022635824978351593,0.02202952466905117,397,3.633606433868408
1.0,piml,small,4482,4096,11,101,success,0.06988543272018433,0.07119835913181305,0.07077425718307495,0.020192835479974747,0.02007703110575676,0.020616760477423668,210,10.55820631980896
1.0,piml,small,4482,4096,11,202,success,0.07042772322893143,0.07192385196685791,0.07145055383443832,0.020410552620887756,0.020305221900343895,0.020896311849355698,36,3.3297510147094727
1.0,piml,small,4482,4096,11,303,success,0.06958126276731491,0.07089691609144211,0.07048596441745758,0.020091451704502106,0.019986813887953758,0.020542113110423088,188,10.38893723487854
1.0,piml,small,4482,4096,22,101,success,0.0700763687491417,0.07078428566455841,0.07169159501791,0.020423660054802895,0.020426109433174133,0.02087642066180706,39,3.9855332374572754
1.0,piml,small,4482,4096,22,202,success,0.06904897093772888,0.0696004331111908,0.07058396935462952,0.019992515444755554,0.01995087042450905,0.02040761709213257,156,9.475563287734985
1.0,piml,small,4482,4096,22,303,success,0.06898393481969833,0.0695994645357132,0.07059961557388306,0.02013447880744934,0.020124297589063644,0.02059958130121231,164,9.145379781723022
1.0,piml,small,4482,4096,33,101,success,0.07284165918827057,0.07127974927425385,0.07133840024471283,0.020621025934815407,0.020805813372135162,0.020655544474720955,33,3.424405336380005
1.0,piml,small,4482,4096,33,202,success,0.07216210663318634,0.07091809809207916,0.07089071720838547,0.020673805847764015,0.02092372253537178,0.02077508717775345,84,5.453895330429077
1.0,piml,small,4482,4096,33,303,success,0.07240534573793411,0.07087516039609909,0.07101953029632568,0.020517762750387192,0.020694958046078682,0.020624438300728798,60,4.556983947753906
