epoch,train_loss,train_data_loss,train_phys_loss,phys_data_ratio,grad_norm,val_rel_l2,val_mse
0,1.2239215970039368,0.9873796999454498,2.3654189109802246,2.395652767735561,2.2234910612370404,0.30151909589767456,0.47504371404647827
1,0.9882479310035706,0.8093915283679962,1.7885643243789673,2.2097640779429835,1.9802177728925712,0.2731561064720154,0.3949739336967468
2,0.792354017496109,0.6609376668930054,1.3141635656356812,1.9883320795036818,1.7994826506160617,0.24423301219940186,0.3225988745689392
3,0.6166869103908539,0.5185392796993256,0.9814762473106384,1.8927712629210007,1.5688650178109667,0.21325519680976868,0.2564767003059387
4,0.48134686052799225,0.40222546458244324,0.7912140190601349,1.9670908202729207,1.3790014982307115,0.18063434958457947,0.19715094566345215
5,0.3711384981870651,0.2976231426000595,0.7351535558700562,2.470081961529255,1.2206837271157873,0.147248312830925,0.14666937291622162
6,0.2891032099723816,0.2162947580218315,0.7280844748020172,3.366167915768577,1.0060367895979319,0.11860916018486023,0.10738822817802429
7,0.22954300045967102,0.15469111502170563,0.7485188245773315,4.838796491138502,0.8591186567714955,0.10414388030767441,0.08024334907531738
8,0.19166730344295502,0.11743208020925522,0.742352306842804,6.321546084511042,0.762200657422778,0.10143011808395386,0.06470362097024918
9,0.16585170477628708,0.09500626474618912,0.7084544003009796,7.456922995484854,0.7485209810753192,0.102716363966465,0.056669630110263824
10,0.15101055800914764,0.08624586462974548,0.6476469039916992,7.509309655275126,0.8061862241799758,0.1020396426320076,0.05110060051083565
11,0.13371442258358002,0.07724414020776749,0.5647027492523193,7.310622498139143,0.7917532509578294,0.09679093211889267,0.044925790280103683
12,0.11396908015012741,0.06610122695565224,0.47867855429649353,7.241598625962605,0.6990445595611003,0.0879848301410675,0.03815706819295883
13,0.09330226853489876,0.05383419059216976,0.39468079805374146,7.3314151046444485,0.5590044449818241,0.07661651819944382,0.03140038996934891
14,0.07679231092333794,0.042857736349105835,0.3393457233905792,7.917957230087333,0.379835546510889,0.06461358070373535,0.025591595098376274
15,0.06313123926520348,0.03326400835067034,0.29867231845855713,8.97884329843665,0.2645387977273009,0.05394795536994934,0.021235862746834755
16,0.05386196821928024,0.026671646162867546,0.27190321683883667,10.194467007341386,0.26237294398177746,0.04533040523529053,0.017966385930776596
17,0.048287222161889076,0.02268421370536089,0.2560300827026367,11.286707400491908,0.2940125344515725,0.03936932608485222,0.015188160352408886
18,0.043069493025541306,0.019312006421387196,0.23757486045360565,12.301925303344037,0.3197018255404731,0.03495471179485321,0.012330916710197926
19,0.03751211613416672,0.016074553597718477,0.21437561511993408,13.336333965153548,0.3176936934230037,0.030378784984350204,0.0094110406935215
20,0.03188510425388813,0.012967781629413366,0.18917322158813477,14.587940096018762,0.26638767241695005,0.02589498460292816,0.00675586611032486
21,0.026156675070524216,0.009704489726573229,0.16452185809612274,16.95316938155154,0.17331377606230836,0.022258348762989044,0.004913256503641605
22,0.02200585324317217,0.007516204612329602,0.1448964849114418,19.277879246894532,0.13361583216027512,0.020660273730754852,0.003938617184758186
23,0.01958470232784748,0.006689181784167886,0.1289552003145218,19.278172499323613,0.15826672174769235,0.020970690995454788,0.0034607513807713985
24,0.01781019102782011,0.006313310004770756,0.11496881395578384,18.210544685577897,0.17738406148941277,0.02116484008729458,0.003164689987897873
25,0.016071090940386057,0.005925667239353061,0.1014542356133461,17.121149655447486,0.18394500599224956,0.0202246755361557,0.0028548957780003548
26,0.014038677792996168,0.005256871227174997,0.08781806752085686,16.70538685956164,0.15015763637084284,0.0185837484896183,0.002572686644271016
27,0.012223475612699986,0.004666177090257406,0.07557298615574837,16.195910419589207,0.11346844891172744,0.017632698640227318,0.0024174372665584087
28,0.010838324204087257,0.004374112817458808,0.06464211083948612,14.778336439214366,0.08680011988678432,0.017558522522449493,0.0023973367642611265
29,0.00993039458990097,0.004282465088181198,0.05647929012775421,13.18849983940943,0.09090833273543869,0.017537161707878113,0.002369017107412219
30,0.009146424010396004,0.004198124399408698,0.04948299564421177,11.78692933710621,0.09160576907944523,0.017171556130051613,0.002285668393597007
31,0.008383264765143394,0.004017148399725556,0.04366116225719452,10.86869538107613,0.09209434869023597,0.016688454896211624,0.0021363580599427223
32,0.007627637591212988,0.0037598726339638233,0.03867764584720135,10.286956397888849,0.09412539465984504,0.01638275943696499,0.001998426392674446
33,0.006993964547291398,0.0035123631823807955,0.034816011786460876,9.912417930215701,0.07082681420440184,0.016207115724682808,0.001895482768304646
34,0.00650824187323451,0.0033291465369984508,0.03179095406085253,9.549280486017645,0.0661707549276094,0.015864182263612747,0.001818292192183435
35,0.00616003735922277,0.003217852907255292,0.02942184265702963,9.143314969647061,0.04337947761677417,0.015374738723039627,0.0017412019660696387
36,0.005863404367119074,0.003106666379608214,0.02756737917661667,8.873620726565827,0.0570360359489704,0.014484988525509834,0.0016378681175410748
37,0.005509509239345789,0.00293938722461462,0.025701218284666538,8.743733411318816,0.051722007168030465,0.013696787878870964,0.0015500071458518505
38,0.005169958341866732,0.002789405989460647,0.023805521428585052,8.534261960621958,0.04928635459522463,0.012989531271159649,0.001465974492020905
39,0.00482967565767467,0.0026428248966112733,0.0218685083091259,8.274671673165521,0.04695954243336507,0.012475870549678802,0.001401577377691865
40,0.00453719450160861,0.0025261123664677143,0.02011082135140896,7.961174498159835,0.04205257194397217,0.012044139206409454,0.0013391671236604452
41,0.004313356475904584,0.002438851515762508,0.018745049834251404,7.6860152055590625,0.053369302852517855,0.01185530424118042,0.0012899566208943725
42,0.004096262622624636,0.002334981458261609,0.017612810246646404,7.543019317917462,0.06134410818323735,0.011680652387440205,0.0012258575297892094
43,0.003884343197569251,0.0022387911449186504,0.016455519944429398,7.350180914275205,0.052713603023773384,0.01163538172841072,0.0011835574405267835
44,0.0036871707998216152,0.0021610328694805503,0.015261378139257431,7.062075896571542,0.07200368652700576,0.011830467730760574,0.0011700720060616732
45,0.0035241632722318172,0.0021065210457891226,0.014176423195749521,6.729779996306137,0.0382555405624712,0.011957964859902859,0.0011516832746565342
46,0.003375510685145855,0.0020418784115463495,0.013336323201656342,6.531399287167406,0.051556900617690624,0.011654642410576344,0.0010956552578136325
47,0.0032437893096357584,0.0019799729925580323,0.012638162355870008,6.382997345606262,0.054596503813416526,0.011411335319280624,0.0010554876644164324
48,0.0030964877223595977,0.0019088112749159336,0.011876764707267284,6.222073844251759,0.028191297235512204,0.011353803798556328,0.0010440670885145664
49,0.002971924375742674,0.0018652617582120001,0.011066625826060772,5.933014911895798,0.027346433303560184,0.01124630682170391,0.0010338257998228073
50,0.0028647136641666293,0.0018208791734650731,0.01043834537267685,5.732585404232518,0.04046202876960466,0.010992384515702724,0.0010093251476064324
51,0.0027601636247709394,0.001769782043993473,0.009903815109282732,5.596064861713139,0.025617891355577946,0.010724818333983421,0.0009677267516963184
52,0.0026693132240325212,0.0017246544593945146,0.009446586947888136,5.477379481107543,0.02827751048208474,0.01063647959381342,0.000947613618336618
53,0.002575668040663004,0.0016754239914007485,0.009002440609037876,5.373231286673489,0.02244881087020635,0.010659201070666313,0.0009442177251912653
54,0.0025079759070649743,0.0016521085053682327,0.00855867424979806,5.180455292124076,0.038921017822291584,0.010733947157859802,0.0009466303745284677
55,0.0024348264560103416,0.0016164244152605534,0.00818402087315917,5.0630396298734315,0.042747375953233954,0.010489355772733688,0.0009099534945562482
56,0.002361603663302958,0.0015708639402873814,0.007907397579401731,5.033788972172291,0.0360479167094268,0.010362372733652592,0.0008898903615772724
57,0.0022964306408539414,0.0015274477191269398,0.007689828518778086,5.034429933335752,0.02769312844782194,0.010283076204359531,0.0008724614162929356
58,0.002234465442597866,0.0014904074487276375,0.00744057958945632,4.9923124014230815,0.039047421687510624,0.010358265601098537,0.0008761843200773001
59,0.0021765409037470818,0.0014597102999687195,0.007168306037783623,4.910773074586946,0.02389275752944294,0.010352684184908867,0.0008660827297717333
60,0.0021342888940125704,0.0014336045715026557,0.007006842410191894,4.887569800958126,0.03515580842759929,0.010233714245259762,0.0008426625863648951
61,0.0020871926099061966,0.001402352296281606,0.006848402554169297,4.883510778517007,0.031176075815642062,0.01024729572236538,0.0008434486226178706
62,0.00203770340885967,0.0013711241190321743,0.006665793247520924,4.861553491033372,0.021007763332869647,0.010150421410799026,0.0008294524159282446
63,0.0019992502639070153,0.001340200426056981,0.006590498145669699,4.917546672522466,0.02020974438924263,0.009966175071895123,0.0008061655098572373
64,0.0019620158127509058,0.0013098781928420067,0.006521375384181738,4.978612072342765,0.02378205781022321,0.009920462965965271,0.0007981527014635503
65,0.0019232947379350662,0.0012852662475779653,0.006380285369232297,4.9641740621880475,0.028624982501817747,0.009946868754923344,0.0007982045062817633
66,0.001893768203444779,0.0012687977869063616,0.006249703466892242,4.925689129810467,0.027758027843162367,0.009971613064408302,0.000797830696683377
67,0.001856256916653365,0.0012411097122821957,0.0061514724511653185,4.956429226432993,0.027726560577442987,0.009782443754374981,0.0007710492936894298
68,0.0018255263566970825,0.0012144919019192457,0.006110344547778368,5.031194146393459,0.028558405048227143,0.009639224968850613,0.000754317850805819
69,0.0017961810808628798,0.0011894553899765015,0.006067256210371852,5.100869071257658,0.021994229941751618,0.009512205608189106,0.0007407913217321038
70,0.0017676727147772908,0.0011686706566251814,0.005990020697936416,5.125499356023917,0.020087364564055334,0.009505867958068848,0.0007416848093271255
71,0.0017368571134284139,0.0011491219629533589,0.005877351155504584,5.11464522042482,0.016515673149576818,0.009452774189412594,0.0007365128258243203
72,0.0017101095872931182,0.0011322192149236798,0.005778903607279062,5.104050108943438,0.021260777629918647,0.009355688467621803,0.0007258810219354928
73,0.0016913717845454812,0.0011175170075148344,0.005738547537475824,5.135087429440888,0.03890144522850987,0.009293192997574806,0.0007227856549434364
74,0.0016701355343684554,0.0010939947387669235,0.005761407315731049,5.266393988535004,0.04257431244201196,0.009106023237109184,0.000697034876793623
75,0.0016336268745362759,0.0010607329022604972,0.005728938849642873,5.400924999530133,0.028133613732708746,0.009088505059480667,0.000692845496814698
76,0.001605840225238353,0.0010489322012290359,0.00556908012367785,5.30928511599944,0.014560209649966092,0.009107029996812344,0.0006899845320731401
77,0.001588827813975513,0.0010444341460242867,0.005443936446681619,5.212330971181239,0.0295610447589826,0.009073544293642044,0.0006832553772255778
78,0.0015602397033944726,0.001019137358525768,0.005411022808402777,5.309414636933814,0.015341430747166977,0.008849311619997025,0.0006631681462749839
79,0.0015538707375526428,0.0010068546398542821,0.005470160394906998,5.432919687094724,0.040447154996191496,0.00869040098041296,0.0006503772456198931
80,0.0015240944921970367,0.000982408644631505,0.005416858475655317,5.513854652294051,0.03674263773034474,0.008774605579674244,0.0006621384527534246
81,0.001500277139712125,0.0009701132366899401,0.005301638972014189,5.464969213391587,0.02386303756973545,0.008724961429834366,0.0006517992587760091
82,0.001479989499785006,0.0009478963038418442,0.005320931086316705,5.613410522597099,0.024675845958155564,0.008523943834006786,0.0006328135496005416
83,0.0014580758870579302,0.0009255876066163182,0.005324882920831442,5.7529756046514935,0.016298819420694943,0.008562041446566582,0.0006330587202683091
84,0.0014428036520257592,0.0009211397846229374,0.005216639256104827,5.663243888917711,0.02826570542004832,0.008645026944577694,0.000639130943454802
85,0.0014196403790265322,0.0009060396405402571,0.005136007210239768,5.668634108743022,0.01793663221930414,0.00841663870960474,0.0006140309851616621
86,0.0014014473417773843,0.0008879423257894814,0.005135049810633063,5.783089353317426,0.018628374497533413,0.00829740334302187,0.0006005677278153598
87,0.0013896922464482486,0.0008761667122598737,0.005135255167260766,5.861048012216234,0.030247525265828603,0.008319584652781487,0.0006046011112630367
88,0.0013705127639696002,0.0008615163678769022,0.005089963786303997,5.908145191538922,0.030375767977445855,0.008314943872392178,0.0006019614520482719
89,0.0013535405742004514,0.0008455849019810557,0.005079556722193956,6.007151629946862,0.029058504316648845,0.008236726745963097,0.0005920825060456991
90,0.001332974061369896,0.0008286146039608866,0.005043594399467111,6.086779517713141,0.019075784460873768,0.008173618465662003,0.0005853102775290608
91,0.0013136529014445841,0.0008162286248989403,0.004974242299795151,6.094177719399422,0.021904460941165205,0.008074006997048855,0.0005783123197034001
92,0.0012991151306778193,0.0008058756939135492,0.004932394018396735,6.12053950212061,0.017647955359884962,0.007981830276548862,0.0005702876951545477
93,0.001287464052438736,0.000800178648205474,0.00487285410054028,6.089707731477739,0.03416879759918574,0.007925706915557384,0.0005672752158716321
94,0.0012717696954496205,0.0007798068108968437,0.004919628845527768,6.3087790165230535,0.031370583935707075,0.007805442437529564,0.0005524870939552784
95,0.0012485525221563876,0.0007536600460298359,0.00494892499409616,6.566521630231466,0.01546626353108978,0.007876912131905556,0.0005569449276663363
96,0.0012371396296657622,0.000750863051507622,0.0048627653159201145,6.476234655782304,0.02322507767529152,0.007845131680369377,0.0005483824643306434
97,0.0012208448606543243,0.0007438350876327604,0.0047700973227620125,6.412842580393387,0.018695968357039808,0.0077883596532046795,0.0005451057804748416
98,0.0012081939494237304,0.0007339964504353702,0.00474197487346828,6.460487473278074,0.016626083874111127,0.007633554749190807,0.0005308997351676226
99,0.001200535160023719,0.0007205436704680324,0.004799914313480258,6.661517559875937,0.02900326598756605,0.007581979036331177,0.0005259996396489441
100,0.0011822305386886,0.0007057495531626046,0.004764809738844633,6.751417294552395,0.01671235072727765,0.007689595688134432,0.0005323373479768634
101,0.0011703523923642933,0.0007031352142803371,0.004672171780839562,6.6447700043320355,0.019921559244105512,0.007591654546558857,0.0005197782884351909
102,0.0011668375809676945,0.0006987740925978869,0.004680634709075093,6.698351811632759,0.033975805014532845,0.007448350079357624,0.0005087003228254616
103,0.0011509169708006084,0.0006826127646490932,0.004683041945099831,6.860466413204587,0.034640178194385016,0.007497626822441816,0.0005089264595881104
104,0.0011392535525374115,0.000678913900628686,0.004603396402671933,6.7805304890783775,0.026453650790366476,0.007538992445915937,0.0005148812779225409
105,0.001125591981690377,0.0006664014945272356,0.004591904813423753,6.890598012060855,0.022999731102000896,0.007349020801484585,0.000495694694109261
106,0.001112612138967961,0.0006504575139842927,0.004621545784175396,7.105069408556324,0.016743009269091967,0.00727611780166626,0.0004876544408034533
107,0.0011009903973899782,0.0006398978584911674,0.004610925214365125,7.205720652413731,0.017900352544506927,0.007420934736728668,0.0004938366473652422
108,0.0010935470345430076,0.0006362348503898829,0.0045731221325695515,7.1877894299049405,0.022645010125939606,0.007299625314772129,0.0004870456177741289
109,0.0010809348314069211,0.000630800990620628,0.004501338582485914,7.1359091843802736,0.022043967712229006,0.007253625895828009,0.0004791321116499603
110,0.0010730356443673372,0.0006224455719348043,0.004505900666117668,7.23902758615756,0.020182069529747326,0.00713733397424221,0.00047206279123201966
111,0.0010597779764793813,0.0006086664216127247,0.004511115374043584,7.411474025609819,0.01357667158977585,0.007220293860882521,0.0004737768031191081
112,0.0010498907649889588,0.0006040185980964452,0.004458721494302154,7.381761933082428,0.012925042069436383,0.00711582787334919,0.0004686513275373727
113,0.0010431331465952098,0.0005999725544825196,0.004431606037542224,7.386347932805883,0.02486511359920615,0.007016526535153389,0.00045981985749676824
114,0.001030144456308335,0.0005883090489078313,0.004418353782966733,7.510259771066251,0.014104186557342996,0.007077840156853199,0.0004633331554941833
115,0.0010222192504443228,0.0005838045617565513,0.00438414653763175,7.509613361774237,0.018382138867714736,0.007048431783914566,0.00046184452367015183
116,0.0010163914412260056,0.0005750201235059649,0.00441371276974678,7.67575357682416,0.027084439614023827,0.00679524103179574,0.0004407007072586566
117,0.001007189101073891,0.0005681912880390882,0.004389978246763349,7.7262329415746756,0.028653216679534306,0.006990079302340746,0.0004515328328125179
118,0.0009964649798348546,0.0005684295319952071,0.0042803543619811535,7.53014071411273,0.02226211821941753,0.007037031464278698,0.00045556275290437043
119,0.0009865376050584018,0.0005562457663472742,0.004302918212488294,7.735642179794866,0.017039779787570958,0.006732084322720766,0.0004321482847444713
120,0.000976979616098106,0.0005418859655037522,0.004350936505943537,8.02924744858226,0.015130127958076407,0.006684478837996721,0.0004258622648194432
121,0.000968535547144711,0.0005358428170438856,0.004326927475631237,8.074993893735186,0.01355151493526316,0.006893576588481665,0.0004320820444263518
122,0.000965888291830197,0.0005370768194552511,0.004288114607334137,7.984173682423134,0.031017920289987087,0.006756154354661703,0.0004256821412127465
123,0.0009535503340885043,0.0005293039139360189,0.004242464201524854,8.015176328429101,0.015277556639954636,0.006764125544577837,0.0004316316335462034
124,0.0009473894024267793,0.0005271412373986095,0.004202481592074037,7.972211798137578,0.01738259699761472,0.006671628914773464,0.00042387755820527673
125,0.0009421411668881774,0.0005250021058600396,0.004171390552073717,7.945473942890753,0.030490920296215383,0.006611284334212542,0.0004166335565969348
126,0.0009299467783421278,0.0005096333770779893,0.004203133750706911,8.247367499369464,0.024154947295636723,0.006515915505588055,0.000407493207603693
127,0.0009225869434885681,0.0004952753224642947,0.004273116588592529,8.627759944370307,0.01593039299239271,0.006452471949160099,0.00039893199573270977
128,0.0009139807661995292,0.0004906799003947526,0.004233008716255426,8.62682313428768,0.01605049299809726,0.00666977372020483,0.0004086664121132344
129,0.0009085391357075423,0.0004988643486285582,0.00409674784168601,8.212147957552977,0.018113590573245734,0.006728486157953739,0.00041423513903282583
130,0.0008988674962893128,0.0004944353422615677,0.004044321598485112,8.179677407335442,0.022425475959176266,0.006367816589772701,0.00039687324897386134
131,0.0008990110945887864,0.0004801837058039382,0.004188274033367634,8.722232726234427,0.029888731922341302,0.0061620683409273624,0.00038109326851554215
132,0.0008922555716708302,0.00046685143024660647,0.004254041705280542,9.112195935725024,0.033275195854467865,0.006476627662777901,0.0003941729955840856
133,0.0008893689082469791,0.0004850870172958821,0.00404281890951097,8.334213791265054,0.033026290372670554,0.006805610843002796,0.000414195324992761
134,0.000876628328114748,0.00048139911086764187,0.003952292026951909,8.21001106509848,0.022720234163705562,0.006297063548117876,0.00038209452759474516
135,0.0008665888744872063,0.0004588985175359994,0.004076903453096747,8.884106828209408,0.0220020500374377,0.006157246883958578,0.0003744954592548311
136,0.0008688218076713383,0.000451020518084988,0.004178013186901808,9.263465894282273,0.03430736300394944,0.006195024587213993,0.0003696340718306601
137,0.0008576129039283842,0.00045355455949902534,0.004040583502501249,8.908704405847633,0.026888892308335133,0.0065510207787156105,0.0003884561301674694
138,0.0008503965509589761,0.0004626176378224045,0.0038777892477810383,8.38227713503153,0.024635460758484273,0.0062291850335896015,0.0003778107347898185
139,0.0008423513500019908,0.00044138063094578683,0.004009707365185022,9.08446606864704,0.023741718074965168,0.006027495488524437,0.00036554972757585347
140,0.0008445097191724926,0.00042878679232671857,0.0041572293266654015,9.695329709450933,0.03396355238988198,0.006041183136403561,0.0003584872174542397
141,0.000832922087283805,0.00042926146124955267,0.004036606289446354,9.403607483644237,0.02696381869914989,0.006397214252501726,0.00037044912460260093
142,0.0008323738002218306,0.00045308111293707043,0.0037929266691207886,8.37140759307616,0.032046194128965,0.006438378244638443,0.00037986767711117864
143,0.000823772803414613,0.00043969470425508916,0.0038407810498028994,8.735108730294527,0.02869983198694042,0.005955816712230444,0.00035703048342838883
144,0.0008216805581469089,0.00041248339402955025,0.004091971437446773,9.920330119165051,0.034035543639384304,0.005797085352241993,0.0003434492973610759
145,0.000808687211247161,0.00040693790651857853,0.0040174927562475204,9.872495758917715,0.025096868370551178,0.006522102747112513,0.0003695485065691173
146,0.0008071964257396758,0.0004249197372701019,0.003822766710072756,8.996444209986883,0.030036450085734655,0.006327585317194462,0.0003630155115388334
147,0.0007885195082053542,0.0004058808262925595,0.0038263864116743207,9.42736429957954,0.013293185567022088,0.005973797291517258,0.00034557320759631693
148,0.0007941139629110694,0.000395161216147244,0.003989527467638254,10.095948956062749,0.02576950451565925,0.005875890608876944,0.000341869774274528
149,0.0007826451328583062,0.00038956596108619124,0.00393079174682498,10.090182766135706,0.021134597218029613,0.006202710326761007,0.00035281520104035735
150,0.0007818301382940263,0.0004002411151304841,0.0038158902898430824,9.53397875827687,0.027863413129598696,0.006011069752275944,0.0003417373518459499
151,0.0007705340103711933,0.0003916106215910986,0.003789233975112438,9.676024515670512,0.02046168025066908,0.005846349522471428,0.00033854797948151827
152,0.0007641184492968023,0.0003788659814745188,0.0038525243289768696,10.168567560442154,0.018523643325085916,0.0058099813759326935,0.0003358186804689467
153,0.0007589850574731827,0.00037271120527293533,0.003862738492898643,10.363891501651985,0.01773296579287323,0.005784039385616779,0.0003293568443041295
154,0.0007502055959776044,0.0003710680903168395,0.0037913749692961574,10.217464309741269,0.012227782054193018,0.005894782021641731,0.00032983810524456203
155,0.0007526047702413052,0.00037320557748898864,0.0037939921021461487,10.165957667816713,0.02355773295466432,0.005825766362249851,0.00032526542781852186
156,0.0007435223960783333,0.0003617453039623797,0.0038177709793671966,10.553754084847034,0.01248031125458613,0.005749086383730173,0.00032725444179959595
157,0.0007425016374327242,0.00036577993887476623,0.0037672168109565973,10.299134563107893,0.021270826653694577,0.005769186187535524,0.000330940616549924
158,0.0007358508883044124,0.00036165652272757143,0.003741943626664579,10.346678108950657,0.014302938272355525,0.0056539676152169704,0.00031988389673642814
159,0.0007266039028763771,0.0003503623738652095,0.0037624153774231672,10.738639928471981,0.015992419323080972,0.005682009272277355,0.0003145564114674926
160,0.0007255174859892577,0.0003459788567852229,0.0037953861756250262,10.969994556578149,0.014492002658462446,0.005607387516647577,0.0003084626223426312
161,0.0007271366484928876,0.00035477128403726965,0.0037236534990370274,10.495927000241226,0.03047095301754066,0.005800134502351284,0.0003190451243426651
162,0.0007160894165281206,0.00034422616590745747,0.0037186325062066317,10.802875767457948,0.01741468720902378,0.005566747859120369,0.0003070002712775022
163,0.0007130842423066497,0.0003391529171494767,0.0037393132224678993,11.02544909209745,0.018835908239171556,0.005690678954124451,0.00031433950061909854
164,0.0007139697554521263,0.0003443255554884672,0.0036964419996365905,10.735311221360677,0.027077713595121195,0.005543787498027086,0.00030408590100705624
165,0.0007026123348623514,0.00033247278770431876,0.003701395238749683,11.132926890971541,0.013166793679625614,0.0055503202602267265,0.00030426448211073875
166,0.0006987539527472109,0.0003307742881588638,0.003679796471260488,11.124795980191667,0.015463800460519365,0.0056237890385091305,0.00031023583142086864
167,0.000696179922670126,0.0003289778105681762,0.003672021208330989,11.161911503967566,0.015239052190546137,0.0054695685394108295,0.0002997632836923003
168,0.0006919904553797096,0.00032166125311050564,0.0037032918771728873,11.513018249358849,0.016441496701564393,0.005587517283856869,0.0002996068214997649
169,0.000689419888658449,0.00032320141326636076,0.003662184695713222,11.330967456800991,0.016523540359200117,0.005594208836555481,0.0003000021679326892
170,0.0006882692396175116,0.0003261634410591796,0.0036210580728948116,11.101974093527549,0.023014269764427983,0.005503229331225157,0.00029768096283078194
171,0.0006897151179146022,0.00032097990333568305,0.003687351825647056,11.48779654840508,0.02977140473321664,0.0054232338443398476,0.00028920714976266026
172,0.0006807560275774449,0.00031250977190211415,0.003682462382130325,11.783511151400935,0.023074023564655207,0.005802314728498459,0.00030133003019727767
173,0.0006742438999935985,0.0003145433875033632,0.0035970050375908613,11.43564029796176,0.016383187741548254,0.00549190491437912,0.0002950291964225471
174,0.0006727677828166634,0.00031321019923780113,0.0035955760395154357,11.479754006304045,0.02358024242303373,0.00533105805516243,0.00028847678913734853
175,0.0006648106791544706,0.0002999971329700202,0.003648135461844504,12.160567755189433,0.014901887762917124,0.005477582104504108,0.00029075617203488946
176,0.0006652373995166272,0.00030262798827607185,0.003626094199717045,11.982018650598658,0.022426251058739265,0.005372015759348869,0.0002836685162037611
177,0.0006595132872462273,0.0003026134945685044,0.0035689978394657373,11.793915022047381,0.017166694329894226,0.005363673437386751,0.00028086386737413704
178,0.0006527449004352093,0.0002936210366897285,0.0035912388702854514,12.230863669623032,0.010509417211174025,0.0054804557003080845,0.0002835524210240692
179,0.0006515570275951177,0.0002917482634074986,0.003598087700083852,12.33285044462538,0.014198055914943546,0.005344840697944164,0.0002782409137580544
180,0.000649425812298432,0.000289541989332065,0.00359883822966367,12.429417363490916,0.02065861401971106,0.0053291828371584415,0.00027618417516350746
181,0.0006510231178253889,0.0002987805928569287,0.003522425191476941,11.789337312024335,0.024624710448018276,0.00551232323050499,0.0002882129338104278
182,0.0006408431800082326,0.00028707721503451467,0.003537659300491214,12.323023616018737,0.012389008531829187,0.005190879572182894,0.0002696885203476995
183,0.0006414008093997836,0.0002770206629065797,0.0036438015522435308,13.153537046701597,0.018568692408190993,0.005170744843780994,0.00026581104611977935
184,0.0006364286527968943,0.0002788610872812569,0.003575675771571696,12.822426414644578,0.013904409244553747,0.005524480249732733,0.00027720685466192663
185,0.0006333990022540092,0.00028491632838267833,0.0034848268842324615,12.23105360094316,0.01485046923444834,0.005256840027868748,0.00026752520352602005
186,0.0006275775958783925,0.00027368066366761923,0.003538969438523054,12.931017453323175,0.008504323516938684,0.005173938348889351,0.00026518473168835044
187,0.0006269078003242612,0.00026922053802991286,0.0035768726374953985,13.286031829778066,0.014998458741379929,0.005219489336013794,0.00026668061036616564
188,0.0006268670549616218,0.00027249843697063625,0.003543686354532838,13.004428186553953,0.02696178125688091,0.005236373748630285,0.0002637528523337096
189,0.0006207702390383929,0.0002708222746150568,0.0034994797315448523,12.921683552503081,0.013273779940841869,0.005294515751302242,0.00026642653392627835
190,0.0006166755047161132,0.0002665708670974709,0.0035010463325306773,13.133641986656139,0.00989983164720036,0.005098906345665455,0.0002578413696028292
191,0.0006124791107140481,0.0002594741963548586,0.0035300491144880652,13.604624907134687,0.009627220171273446,0.005103237461298704,0.00025724302395246923
192,0.0006146991217974573,0.0002635471028042957,0.003511520102620125,13.324070214604872,0.01992808170068374,0.005207882262766361,0.00026116162189282477
193,0.000610671762842685,0.00025989663845393807,0.0035077508073300123,13.496714802456735,0.014956825019542758,0.00510023208335042,0.0002520199923310429
194,0.000607447320362553,0.0002585237816674635,0.003489235299639404,13.49676721086949,0.01816915054438162,0.005307317245751619,0.000260736356722191
195,0.0006069428636692464,0.00025795870169531554,0.003489841241389513,13.528681988450586,0.02119104418676361,0.005124934017658234,0.00025121195358224213
196,0.0006020688742864877,0.00025547922268742695,0.003465896239504218,13.566254832960189,0.01623118738098711,0.005097328219562769,0.000250871351454407
197,0.0005989191995467991,0.0002533537699491717,0.003455654135905206,13.63963968879755,0.015968841593400625,0.005090886726975441,0.0002521079732105136
198,0.0006033752288203686,0.00025364209432154894,0.0034973311703652143,13.788449349150827,0.024294883780160387,0.004988479427993298,0.0002481381525285542
199,0.0006007490446791053,0.0002476955924066715,0.00353053433354944,14.253521022501438,0.024286011636081448,0.004977798089385033,0.00024053643574006855
200,0.0005960285197943449,0.00025200339587172493,0.0034402512246742845,13.65160660940238,0.022868536427254792,0.0055260383524000645,0.0002617457357700914
201,0.0005916935042478144,0.0002500775517546572,0.0034161595394834876,13.660400605788755,0.017411672765609804,0.004997277166694403,0.00023926883295644075
202,0.0005882499681320041,0.00023961660190252587,0.0034863336477428675,14.549633122504092,0.016346591141936297,0.004990926943719387,0.00024166802177205682
203,0.0005837702774442732,0.0002347601330257021,0.0034901013132184744,14.866669515970882,0.015540252141969468,0.005040657240897417,0.0002408973959973082
204,0.0005809756403323263,0.0002345675675314851,0.003464080742560327,14.767944174956568,0.018447202667890163,0.005059782415628433,0.00024133997794706374
205,0.0005797591293230653,0.00023766543017700315,0.0034209368750452995,14.393918680127483,0.016550891659753965,0.005026297178119421,0.00024342277902178466
206,0.0005786741385236382,0.0002396180061623454,0.003390561556443572,14.149861317794318,0.016142320694893107,0.004942465573549271,0.00023881095694378018
207,0.0005737704923376441,0.00022911972337169573,0.0034465078497305512,15.042388315646487,0.012716332464872028,0.004822741728276014,0.00022988126147538424
208,0.0005716873565688729,0.0002248203381896019,0.0034686701837927103,15.428631643047403,0.012616703119093409,0.004982592072337866,0.00023387096007354558
209,0.0005678648303728551,0.0002264921204186976,0.003413727041333914,15.07216690374585,0.00744107290445745,0.0049913497641682625,0.00023325489019043744
210,0.0005655497952830046,0.00022562400408787653,0.0033992580138146877,15.066029997813253,0.006933921219982887,0.004985061939805746,0.00023327030066866428
211,0.0005654551205225289,0.00022601002274313942,0.00339445099234581,15.019028586195075,0.01675773165583315,0.004882092121988535,0.00022854589042253792
212,0.0005658769223373383,0.0002202195319114253,0.003456573933362961,15.696037056119222,0.01845958510160365,0.0047943852841854095,0.00022244930732995272
213,0.0005604430625680834,0.00021581288456218317,0.0034463017946109176,15.968934392413065,0.012635516681902787,0.0050672064535319805,0.00023453409085050225
214,0.0005588915228145197,0.00022425678616855294,0.0033463473664596677,14.921944720747627,0.014088682199573236,0.004905340261757374,0.00022949656704440713
215,0.0005611746746581048,0.00021935259428573772,0.0034182205563411117,15.58322374746294,0.023002424720845804,0.004772604908794165,0.00022067950339987874
216,0.0005549490742851049,0.00021241797367110848,0.0034253110643476248,16.125335371342498,0.01362287384953037,0.00500573730096221,0.00022774067474529147
217,0.0005549972411245108,0.00021715512411901727,0.00337842118460685,15.557639720973024,0.0213314468269589,0.004773703869432211,0.00021858210675418377
218,0.0005556084797717631,0.0002169947838410735,0.003386136842891574,15.604692347681375,0.021726538020430182,0.0049007609486579895,0.00022777925187256187
219,0.0005499565741047263,0.00021165478392504156,0.0033830178435891867,15.98365877138547,0.013912171531238566,0.004752942360937595,0.0002176769048674032
220,0.0005478727689478546,0.00020756641606567428,0.0034030635142698884,16.395058404791047,0.013609958268033007,0.004863131325691938,0.0002172777458326891
221,0.0005450002499856055,0.00020722061162814498,0.003377796267159283,16.300484013726876,0.010753142279027099,0.004916968755424023,0.00022047683887649328
222,0.0005470911855809391,0.00021224976080702618,0.003348414320498705,15.775821408548136,0.016338124763855447,0.004845152609050274,0.00021923815074842423
223,0.0005443742556963116,0.00020906849385937676,0.0033530574291944504,16.03808095278946,0.016840631631103394,0.0047300937585532665,0.00021513464162126184
224,0.0005440307722892612,0.0002062170096905902,0.0033781377132982016,16.381469784508994,0.02034417523309438,0.004696044139564037,0.00021118992299307138
225,0.0005439184315036982,0.00019906571105821058,0.0034485270734876394,17.32356142680557,0.01989716391719597,0.004635500721633434,0.0002061273844446987
226,0.0005338746123015881,0.00019387881184229627,0.0033999577863141894,17.536510328316652,0.011007006377397342,0.0050659640692174435,0.00022504512162413448
227,0.0005393591709434986,0.00021307532006176189,0.0032628386979922652,15.313076601487683,0.020921926141344135,0.004864042159169912,0.00021473142260219902
228,0.0005315772141329944,0.0001987300129258074,0.0033284719102084637,16.74871279483635,0.012660614049570279,0.004569910001009703,0.0002023244451265782
229,0.0005355045723263174,0.00019119928037980571,0.0034430529922246933,18.00766710724684,0.021727009426755033,0.004672665614634752,0.00020593503722921014
230,0.0005280485784169286,0.0001914016538648866,0.003366469289176166,17.588506792906863,0.012469371687362715,0.004742699209600687,0.00020895009220112115
231,0.000527107302332297,0.00019749748753383756,0.003296098206192255,16.689317152085437,0.012360519155039992,0.004775305278599262,0.0002095212257700041
232,0.0005246218352112919,0.00019297387552796863,0.0033164796186611056,17.186158538752217,0.014152589892809066,0.004591742996126413,0.0002008352748816833
233,0.000528907505213283,0.00018847685714717954,0.0034043063642457128,18.06219827608504,0.02280778889359325,0.0045592300593853,0.00019652445917017758
234,0.0005257910815998912,0.00018947580247186124,0.003363152500241995,17.749773091693076,0.018510656036650655,0.004877595230937004,0.00021130323875695467
235,0.000521071080584079,0.00019190130842616782,0.0032916979398578405,17.153077104340273,0.0175078045016809,0.004724233411252499,0.00020178029080852866
236,0.0005219453596509993,0.00019143500685459003,0.0033051033969968557,17.26488509756913,0.021607220018408625,0.0047196391969919205,0.0002040703548118472
237,0.0005157892883289605,0.00018403102149022743,0.003317582653835416,18.027301196127897,0.0191515603810258,0.0044904183596372604,0.00019196733774151653
238,0.0005180178850423545,0.00017750456754583865,0.003405133029446006,19.183354414621846,0.020359336131962228,0.004519326146692038,0.0001914212916744873
239,0.0005126805626787245,0.00017897766520036384,0.003337028785608709,18.644945344844764,0.012776605164032806,0.0047902860678732395,0.00020364229567348957
240,0.000511945370817557,0.0001846888189902529,0.003272565547376871,17.719348498024576,0.01146588322617793,0.004601568914949894,0.0001967339776456356
241,0.0005120253481436521,0.0001802071783458814,0.003318181843496859,18.413150208301317,0.016646151312754986,0.004567546769976616,0.00019456811423879117
242,0.0005136534746270627,0.00017734702851157635,0.00336306425742805,18.963183570952957,0.023904903895268146,0.004635943099856377,0.00019291360513307154
243,0.0005093354557175189,0.00018087116040987894,0.003284642822109163,18.16012466921598,0.017389792391638483,0.0047017913311719894,0.00019640821847133338
244,0.000505191768752411,0.000177796944626607,0.003273948095738888,18.413972763224567,0.01223464669893391,0.004474518354982138,0.00018782648839987814
245,0.000503747578477487,0.00016909839177969843,0.003346491721458733,19.790204307906997,0.011032542233458547,0.004554745741188526,0.00019080465426668525
246,0.0005044955178163946,0.00017555546946823597,0.0032894002506509423,18.73709922347995,0.016494323909793995,0.004542252980172634,0.00019026939116884023
247,0.0005078194953966886,0.00017731318075675517,0.0033050631172955036,18.639692228123256,0.026809493425699465,0.004473111126571894,0.00018502704915590584
248,0.0004998364602215588,0.0001690531789790839,0.0033078327542170882,19.566817815513247,0.012309743969720137,0.00476860860362649,0.00019621725368779153
249,0.0004998400108888745,0.00017145149467978626,0.0032838850747793913,19.153435092021706,0.018054547078129694,0.004436472896486521,0.00018235442985314876
250,0.0004990473826183006,0.0001695046594250016,0.0032954270718619227,19.4415131893174,0.017878423645595193,0.004607260227203369,0.00019081051868852228
251,0.0004971589078195393,0.00017233389371540397,0.0032482498791068792,18.848584042736896,0.01815189449034182,0.004479303490370512,0.0001837342861108482
252,0.00049354083603248,0.0001622557501832489,0.0033128506038337946,20.417461939514116,0.012545899894083348,0.004363516345620155,0.000177951151272282
253,0.0004927358822897077,0.0001594838613527827,0.0033325202530249953,20.895658186086735,0.01406118610566915,0.004853387828916311,0.00019199079542886466
254,0.000494678330142051,0.00017193914391100407,0.0032273917458951473,18.77054679047169,0.02099610634475432,0.0045255147852003574,0.00018430154887028039
255,0.0004908682603854686,0.00016401677567046136,0.0032685146434232593,19.927928896677507,0.012532208644423516,0.004371482878923416,0.00017769822443369776
256,0.0004876741149928421,0.00015535840793745592,0.003323156968690455,21.39026147865965,0.01013816720846471,0.004563252441585064,0.00018261923105455935
257,0.0004908764094579965,0.000162439449923113,0.003284369595348835,20.21903913675783,0.020397626419613353,0.004428389947861433,0.00017786936950869858
258,0.0004883450455963612,0.00016238187527051196,0.003259631455875933,20.07386261826151,0.017284637162613758,0.0045137591660022736,0.0001821018086047843
259,0.0004846082010772079,0.00015832961798878387,0.003262785729020834,20.607551325311547,0.011498496448329572,0.0043508573435246944,0.00017554966325405985
260,0.0004875826998613775,0.00016076583415269852,0.0032681686570867896,20.328751281709643,0.020044737534293727,0.004394651390612125,0.00017582545115146786
261,0.00048208903172053397,0.00015661281940992922,0.0032547619193792343,20.782219052324162,0.011364906985009481,0.004369247704744339,0.0001757168211042881
262,0.0004800926544703543,0.0001527398926555179,0.0032735273707658052,21.432039225985047,0.01189337776271524,0.004322184715420008,0.00017149848281405866
263,0.00048111475189216435,0.000155630441440735,0.0032548430608585477,20.913922949309445,0.017665682883923346,0.004470940213650465,0.0001760119921527803
264,0.000477333931485191,0.00015512967365793884,0.0032220424618571997,20.76999445613357,0.014384083248499796,0.004296709317713976,0.00016922243230510503
265,0.00047804061614442617,0.00014676041246275418,0.003312801942229271,22.572857943350463,0.014831502030059935,0.004237341228872538,0.00016662254347465932
266,0.0004752243112307042,0.00014658761210739613,0.0032863669330254197,22.419131369830158,0.010459797677688535,0.004497130401432514,0.00017744069918990135
267,0.0004760773153975606,0.00015855274250498042,0.0031752455979585648,20.026431254311635,0.015880089240503298,0.004353441298007965,0.00017293900600634515
268,0.00047168173477984965,0.00014599508722312748,0.0032568665919825435,22.30805607181153,0.008821868754677395,0.00413137162104249,0.0001624201104277745
269,0.00047290188376791775,0.0001428089199180249,0.003300929442048073,23.114308573602198,0.016380544720057764,0.004519165027886629,0.00017228162323590368
270,0.0004711851797765121,0.0001480238206568174,0.003231613547541201,21.83171285001125,0.012197685483207456,0.004327791277319193,0.00016610085731372237
271,0.0004727603227365762,0.00014904550334904343,0.003237148281186819,21.719194530853287,0.015144430017115282,0.004308696836233139,0.00016802267055027187
272,0.0004682803701143712,0.00014360283967107534,0.0032467753626406193,22.60940918771113,0.010977674865902391,0.004372757393866777,0.00016894607688300312
273,0.00047308061039075255,0.00014983653818489984,0.0032324406784027815,21.573113724864065,0.01728496227117682,0.0042848242446780205,0.00016428098024334759
274,0.00046822371950838715,0.00014069491226109676,0.003275287919677794,23.27936289266543,0.015654743384141145,0.004238855559378862,0.0001640237751416862
275,0.0004656769160646945,0.00014085089060245082,0.0032482603564858437,23.0616955462071,0.013524919599402649,0.004494281951338053,0.000172747895703651
276,0.0004652967909350991,0.0001481226136093028,0.0031717418460175395,21.412948156474734,0.01311778534065276,0.004294798709452152,0.00016249230247922242
277,0.00046290754107758403,0.00014013560576131567,0.0032277192221954465,23.03282741498989,0.013175340871454562,0.004180401563644409,0.00015939868171699345
278,0.0004621415864676237,0.0001353096158709377,0.003268319647759199,24.154378288063565,0.01095110923832866,0.004182827193289995,0.00016162992687895894
279,0.0004625439614756033,0.00013894145013182424,0.003236025106161833,23.290566660212423,0.01716398279775107,0.004268777556717396,0.00016243082063738257
280,0.00046610964636784047,0.00014562525757355615,0.0032048437278717756,22.007471652044913,0.024554998197012002,0.004263017792254686,0.0001617946254555136
281,0.0004577462823363021,0.0001344309057458304,0.0032331537222489715,24.050672754983303,0.010233753472061194,0.004142507910728455,0.00015522612375207245
282,0.0004587809817166999,0.00013752201630268246,0.0032125895377248526,23.360547089813057,0.01577401992288273,0.004401376936584711,0.0001649118057684973
283,0.00045694322034250945,0.00013775592378806323,0.003191872965544462,23.170495161102053,0.012863914124641088,0.0041044787503778934,0.00015467438788618892
284,0.00045660234172828496,0.00013183450209908187,0.003247678279876709,24.634509389930987,0.014254224067352586,0.004181211348623037,0.00015642892685718834
285,0.0004540500813163817,0.0001329754595644772,0.003210746101103723,24.14540330689284,0.011753316523152379,0.004232021048665047,0.0001582078548381105
286,0.0004532811144599691,0.00013423570271697827,0.0031904540956020355,23.767552380075585,0.011707995206363215,0.004088262561708689,0.0001527109125163406
287,0.0004508575511863455,0.00012794787471648306,0.003229096648283303,25.237595039687754,0.009412901664340962,0.004168449901044369,0.00015489544603042305
288,0.0004503734380705282,0.0001278039053431712,0.0032256951089948416,25.239409549601813,0.008720963604520477,0.004172145389020443,0.00015263099339790642
289,0.00045046332525089383,0.000132633707835339,0.0031782962614670396,23.962960195705335,0.011718746985631214,0.004220692440867424,0.00015530947712250054
290,0.00045080709969624877,0.00012864122982136905,0.003221658756956458,25.04374967053756,0.018943143387144822,0.004030220210552216,0.0001488725538365543
291,0.0004485185636440292,0.00012610188059625216,0.0032241668086498976,25.5679518291476,0.011241541205595382,0.004142538644373417,0.00015583462663926184
292,0.0004479712515603751,0.00013384508565650322,0.003141261637210846,23.4693834428296,0.013106058594926542,0.004101766273379326,0.0001530630688648671
293,0.0004446486564120278,0.00012475512630771846,0.0031989351846277714,25.641713325169043,0.007800329735621333,0.003992822952568531,0.0001462058862671256
294,0.0004464282828848809,0.00012140935359639116,0.0032501891255378723,26.770500206620678,0.014049863173834515,0.004217288922518492,0.00015040277503430843
295,0.0004443473881110549,0.00012805266669602133,0.00316294701769948,24.700360400989247,0.010252229371396126,0.0041411821730434895,0.00015127958613447845
296,0.0004443144571268931,0.00012461108417483047,0.0031970335403457284,25.656092806802498,0.015119545964571223,0.004031399730592966,0.00014749191177543253
297,0.00044407526729628444,0.0001254257877008058,0.0031864946940913796,25.405419033066256,0.016442470118059424,0.004087043460458517,0.00014885170094203204
298,0.0004417277523316443,0.00012448704364942387,0.0031724072759971023,25.483834967847148,0.011472827362365016,0.00398871349170804,0.00014345167437568307
299,0.00044164416613057256,0.00012160734331700951,0.0032003680244088173,26.31722671603808,0.01434382303291255,0.004174813162535429,0.0001488771813455969
300,0.0004403688944876194,0.00012007906479993835,0.003202898195013404,26.67324400260526,0.012370447873848514,0.003984418697655201,0.00014223666221369058
301,0.0004408546956256032,0.00012459681238397025,0.0031625787960365415,25.382501650928404,0.01935764059293777,0.0041985465213656425,0.00014889580779708922
302,0.0004384417843539268,0.00012107345537515357,0.0031736831879243255,26.212873648401892,0.011344698354889562,0.003921372350305319,0.00014065222057979554
303,0.0004371122340671718,0.00011621359590208158,0.003208986483514309,27.612831860207766,0.00993736312932619,0.004064060281962156,0.00014490973262581974
304,0.0004352466494310647,0.00012119058010284789,0.003140560700558126,25.914231105197302,0.009959609808102069,0.004084499552845955,0.00014445501437876374
305,0.00043560010090004653,0.00011443027688073926,0.0032116981456056237,28.066856370127443,0.012867381399872316,0.003901768010109663,0.00013754056999459863
306,0.00043351695057936013,0.00011151797662023455,0.0032199897104874253,28.874176236651422,0.009239261602441214,0.0041257706470787525,0.0001468024856876582
307,0.0004358305741334334,0.0001270941320399288,0.003087364253588021,24.291949628469645,0.014376791164538646,0.00406225398182869,0.00014610009384341538
308,0.0004328261566115543,0.00011754673687391914,0.0031527942046523094,26.8216225179777,0.012318662686838804,0.003838560776785016,0.00013526063412427902
309,0.000433423207141459,0.00010736260082921945,0.0032606059685349464,30.37003522037956,0.011899304118172785,0.003959423862397671,0.00013804202899336815
310,0.0004317629791330546,0.00011783107038354501,0.0031393191311508417,26.642541062660538,0.012522147567257825,0.004138746298849583,0.0001441157510271296
311,0.00043144253140781075,0.000119116924906848,0.0031232560286298394,26.22008611347458,0.01239773320148859,0.003943244460970163,0.00013726798351854086
312,0.0004293468955438584,0.00010848036617971957,0.0032086652936413884,29.578304412483163,0.010473856122936203,0.003846934996545315,0.00013502856018021703
313,0.00042988453060388565,0.00011029293818864971,0.00319591595325619,28.976614511708444,0.015945018566182377,0.004120867233723402,0.00014211441157385707
314,0.00042924484296236187,0.00011651721069938503,0.003127276198938489,26.839607472297605,0.016085407273344253,0.004029786214232445,0.00013982795644551516
315,0.0004283692251192406,0.00011103406359325163,0.0031733515206724405,28.57998183600036,0.014772604892919969,0.0038384273648262024,0.0001331934763584286
316,0.0004257697000866756,0.00010970259609166533,0.0031606709817424417,28.81126877892158,0.01111157876751184,0.004045610316097736,0.0001400874461978674
317,0.0004260983259882778,0.00011303215069347061,0.0031306615564972162,27.697089167021055,0.011114920847201771,0.003825737861916423,0.0001316320413025096
318,0.00042568144272081554,0.00010629834287101403,0.0031938309548422694,30.045914814662453,0.015553128239921644,0.00405792286619544,0.00013686064630746841
319,0.00042698803008534014,0.00011344671656843275,0.0031354130478575826,27.637759317311353,0.015937024418552048,0.003951892256736755,0.00013526875409297645
320,0.0004256512474967167,0.00011518990504555404,0.003104613395407796,26.95213086754449,0.015797650604122065,0.0037906349170953035,0.00013167172437533736
321,0.0004244941519573331,0.00010495102105778642,0.0031954313162714243,30.446881641218223,0.014442945730730301,0.00376696465536952,0.00012831589265260845
322,0.000427705846959725,0.00010310837024007924,0.0032459746580570936,31.4811944995262,0.022581332530610385,0.00401331065222621,0.00013402961485553533
323,0.0004272593359928578,0.00012403251093928702,0.0030322682578116655,24.447366540018994,0.02179622426667555,0.004230133257806301,0.0001447862887289375
324,0.0004214856744511053,0.00011098520553787239,0.0031050044344738126,27.97674175964171,0.013014505483122323,0.0035962844267487526,0.0001220759586431086
325,0.0004227135650580749,9.688484351499937e-05,0.0032582870917394757,33.63051405697981,0.015965030350215667,0.0040804664604365826,0.00013399560702964664
326,0.00042195103014819324,0.00011136336979689077,0.00310587661806494,27.889571083647787,0.015390053353293225,0.003909457940608263,0.00013209778990130872
327,0.0004208884929539636,0.00010923243462457322,0.003116560517810285,28.531457057803006,0.013314263515339982,0.0037865969352424145,0.00012608170800376683
328,0.00041803615749813616,9.852102084551007e-05,0.0031951514538377523,32.431164703906596,0.012420248512263057,0.0038998539093881845,0.00012939469888806343
329,0.00041838412289507687,0.00010541415394982323,0.0031296996166929603,29.689557800584222,0.012673653137576058,0.0038539492525160313,0.00012881576549261808
330,0.0004175699141342193,0.00010626517905620858,0.00311304721981287,29.295082805687787,0.012228848235652606,0.0038269590586423874,0.00012788339518010616
331,0.0004184901772532612,0.00010087517148349434,0.003176150261424482,31.485946588394928,0.015410057100920572,0.003760482184588909,0.00012346207222435623
332,0.00041739300650078803,0.00010141292659682222,0.0031598007772117853,31.15777133396324,0.012750068041679906,0.004032553173601627,0.00013139974907971919
333,0.0004175251815468073,0.00011175573308719322,0.0030576944118365645,27.360515003296637,0.015510317784797775,0.0038265653420239687,0.0001295707916142419
334,0.00041667086770758033,9.864494859357364e-05,0.0031802591402083635,32.23945255738666,0.015530973950230922,0.0035833092406392097,0.00012154058640589938
335,0.00041434050945099443,9.749254968483001e-05,0.0031684795394539833,32.49970946187084,0.011166860964994751,0.004110552370548248,0.00013347051572054625
336,0.00041480257641524076,0.000110588465759065,0.0030421409755945206,27.508664259999055,0.017458974298807984,0.0037172583397477865,0.00012070281081832945
337,0.0004207788151688874,0.00010109587674378417,0.003196829231455922,31.621756835423827,0.022458741903249424,0.0038395943120121956,0.00012198452168377116
338,0.00042362532985862345,0.00010861769987968728,0.003150076139718294,29.00149923269912,0.027835567880065908,0.003937974106520414,0.00013107644917909056
339,0.00042122264858335257,0.00011368151172064245,0.003075411426834762,27.052872364964553,0.022032843841827993,0.0036968195345252752,0.00012147505185566843
340,0.00041608016181271523,0.0001012613283819519,0.0031481882324442267,31.08973862726195,0.019323884888787564,0.003869434120133519,0.00012267967395018786
341,0.00041425475501455367,9.458239583182149e-05,0.0031967235263437033,33.79829299342184,0.017451965161858513,0.003719127271324396,0.00011942337732762098
342,0.0004127622378291562,0.00010629217649693601,0.0030647004023194313,28.832793751361134,0.01816124776856136,0.004184134770184755,0.00013400883472058922
343,0.0004141575482208282,0.00010272516738041304,0.003114323830232024,30.31704799953281,0.02053063913490711,0.0035497555509209633,0.00011404106044210494
344,0.0004125127015868202,9.17860925255809e-05,0.0032072660978883505,34.94283294600957,0.0185422274961704,0.004012764431536198,0.000126871804241091
345,0.00041054628673009574,0.00010466873209225014,0.0030587753280997276,29.223391427001005,0.015742549717297268,0.003804875072091818,0.00012156633601989597
346,0.00041018765477929264,9.539427264826372e-05,0.003147933748550713,32.999190215095254,0.013869335447513747,0.0036350281443446875,0.00011734585132217035
347,0.00040665201959200203,9.396778114023618e-05,0.00312684231903404,33.27568535823555,0.010504249236791833,0.004200158640742302,0.00013101338117849082
348,0.0004097097262274474,0.00010074607416754588,0.003089636447839439,30.667561722566134,0.017306255074118874,0.0035535418428480625,0.00011407490819692612
349,0.00040918462036643177,9.037191921379417e-05,0.003188126953318715,35.27784937018452,0.017914826179390504,0.003863183781504631,0.00012566102668642998
350,0.0004076599288964644,9.977331137633882e-05,0.003078866167925298,30.85861464807962,0.015122426021262389,0.0038418294861912727,0.00012263990356586874
351,0.00040665997948963195,0.00010163170372834429,0.003050282597541809,30.01310108600599,0.013710193375457598,0.0036334393080323935,0.00011504711437737569
352,0.0004051348951179534,8.95083139766939e-05,0.0031562657095491886,35.262263015824594,0.012173067398464833,0.0035560792312026024,0.00011345852544764057
353,0.0004060328210471198,8.850663652992807e-05,0.003175261663272977,35.87597255714579,0.017272582003451418,0.0038057216443121433,0.00012180732301203534
354,0.00040336632810067385,9.951328684110194e-05,0.003038530354388058,30.533916131620074,0.012300922812731038,0.003808604786172509,0.00012090205564163625
355,0.0004019048355985433,9.028076965478249e-05,0.003116240492090583,34.51721229234674,0.008136897565739912,0.003541589481756091,0.00011259684106335044
356,0.00040165426617022604,8.795868779998273e-05,0.0031369556672871113,35.663966183994475,0.007868191440202437,0.003877316601574421,0.00012103408516850322
357,0.0004015002050437033,9.238725397153758e-05,0.0030911294743418694,33.4583975760788,0.009805941035691757,0.0036254837177693844,0.00011464413546491414
358,0.00040151069697458297,9.097337897401303e-05,0.0031053731217980385,34.13496516035865,0.009176883527083419,0.0037281308323144913,0.00011788835399784148
359,0.000400770251872018,9.181563655147329e-05,0.003089546225965023,33.64945604045314,0.008226154963630395,0.0036431197077035904,0.00011351088323863223
360,0.00040094033465720713,8.896588406059891e-05,0.0031197444768622518,35.0667506966743,0.01109745109046315,0.0036603708285838366,0.00011532066127983853
361,0.0004011532146250829,9.261109153158031e-05,0.0030854211654514074,33.31589245332759,0.012475086401422471,0.003688173135742545,0.00011682149488478899
362,0.0004008175601484254,8.9275163190905e-05,0.003115423838607967,34.89687083456772,0.013207856040732437,0.0035921207163482904,0.00011005456326529384
363,0.00039973943785298616,8.974648881121539e-05,0.003099929424934089,34.54095492755032,0.01377949369540368,0.0037715521175414324,0.00011757128231693059
364,0.00039804047264624387,8.93456490302924e-05,0.003086948301643133,34.550628207944534,0.007920841605099201,0.003504756838083267,0.00010990070586558431
365,0.0003991564881289378,8.751889254199341e-05,0.0031163758831098676,35.60803607763392,0.016320493611199832,0.0036977326963096857,0.00011408062709961087
366,0.0003989489341620356,8.637648716103286e-05,0.003125724382698536,36.18721350488826,0.015434134893286808,0.00362280011177063,0.00010977149941027164
367,0.00039762663072906435,8.950192204792984e-05,0.003081246977671981,34.42660120775864,0.011085688393966274,0.003827932756394148,0.00011848018039017916
368,0.00039854391070548445,9.205642345477827e-05,0.003064874792471528,33.29343762716477,0.016803478172502332,0.0034971078857779503,0.00011109301703982055
369,0.0004004078218713403,8.908305608201772e-05,0.003113247570581734,34.94769608841668,0.018574091254518223,0.003490141360089183,0.00010959836799884215
370,0.0004025642410852015,8.944390356191434e-05,0.0031312033534049988,35.00745415519052,0.02018873712081957,0.003751915181055665,0.00011069976608268917
371,0.00040113866270985454,9.194400627166033e-05,0.0030919464770704508,33.628581159873534,0.020064381187162396,0.0038061775267124176,0.0001146740687545389
372,0.0003961893526138738,8.609981523477472e-05,0.0031008952064439654,36.0151203343297,0.013511671281816174,0.003559001488611102,0.0001088139833882451
373,0.00039744196692481637,8.996387987281196e-05,0.0030747808050364256,34.177947965155035,0.015245856589086509,0.0038556589279323816,0.00012014625826850533
374,0.0003960600297432393,8.654158227727748e-05,0.003095184452831745,35.76528613626264,0.014380514919271899,0.0034054650459438562,0.00010395444405730814
375,0.00039652908162679523,8.738904580241069e-05,0.003091400256380439,35.37514602654193,0.02016945434147149,0.003799866186454892,0.00011372381413821131
376,0.0003925299388356507,8.59284664329607e-05,0.0030660144984722137,35.68101033042692,0.007748418162356881,0.0034374648239463568,0.00010401607141830027
377,0.00039338158967439085,7.683617150178179e-05,0.0031654542544856668,41.197448969880824,0.012346302525943795,0.003617708571255207,0.00010941900836769491
378,0.00039189564995467663,8.65302026795689e-05,0.0030536545673385262,35.29004293040377,0.00886974419577765,0.003680207533761859,0.00011251395335420966
379,0.00039324907993432134,8.686691944603808e-05,0.0030638215830549598,35.270291643739164,0.013575492134144688,0.0034718799870461226,0.00010562873649178073
380,0.0003928907244699076,8.273095954791643e-05,0.0031015975400805473,37.4901676111245,0.01296918883856403,0.0035360564943403006,0.00010656104132067412
381,0.0003916578134521842,8.117008474073373e-05,0.0031048773089423776,38.2514976898164,0.010584763711191054,0.0034975246526300907,0.0001057907211361453
382,0.0003899336006725207,8.152817827067338e-05,0.0030840541003271937,37.82807571252409,0.007559443668389393,0.0036929999478161335,0.00011028426524717361
383,0.0003903291653841734,8.171461377060041e-05,0.003086145268753171,37.76736040651172,0.009365906971336648,0.0034556256141513586,0.00010426950757391751
384,0.0003897525748470798,8.145710307871923e-05,0.0030829545576125383,37.84758407910978,0.008639569651842285,0.0036463490687310696,0.00010940105858026072
385,0.0003883861645590514,8.1462425441714e-05,0.0030692373402416706,37.676724251694374,0.006616435785679721,0.0034430506639182568,0.00010343511530663818
386,0.0003880162112182006,7.778728104312904e-05,0.003102289279922843,39.88170351657855,0.0077650218194963185,0.0035608515609055758,0.0001059011192410253
387,0.0003883784811478108,8.262719347840175e-05,0.0030575126875191927,37.0037097813132,0.009787648651626063,0.003541097743436694,0.00010626310540828854
388,0.00038766220677644014,7.907099643489346e-05,0.00308591197244823,39.02710363577054,0.009758397520528072,0.0034444464836269617,0.0001031303036143072
389,0.0003860842698486522,7.716205072938465e-05,0.0030892222421243787,40.035512443268296,0.004189362294451073,0.0036407625302672386,0.00010810499225044623
390,0.00038688466884195805,8.241521572927013e-05,0.0030446944292634726,36.94335326701251,0.008797391993744515,0.0034360280260443687,0.00010199812095379457
391,0.00038682126614730805,7.64727737987414e-05,0.0031034848652780056,40.582872977063154,0.010136800950973628,0.0034398245625197887,0.00010314850078430027
392,0.0003866580955218524,7.997524517122656e-05,0.003066828241571784,38.347219005152425,0.010679711269845847,0.003512437455356121,0.000105312567029614
393,0.0003862398298224434,8.108547262963839e-05,0.003051543375477195,37.633663300148214,0.009093721256244885,0.003456272417679429,0.00010154073243029416
394,0.0003855701070278883,7.326685954467393e-05,0.00312303239479661,42.625443675422765,0.007376886090901704,0.003427759511396289,0.0001013431028695777
395,0.000384297629352659,7.663112046429887e-05,0.0030766649870201945,40.149027815057984,0.005791350844045327,0.003663311479613185,0.00010895056766457856
396,0.0003856853727484122,8.589020944782533e-05,0.0029979514656588435,34.90446099656996,0.011677726980484724,0.003404575865715742,0.0001005921876640059
397,0.00038559727545361966,7.24755045666825e-05,0.0031312175560742617,43.203804855105545,0.009916003455817652,0.0032666726037859917,9.65449507930316e-05
398,0.00038393610157072544,7.410965190501884e-05,0.003098264569416642,41.80649199901075,0.00823636068751505,0.003680191235616803,0.0001108055075746961
399,0.0003847339394269511,8.356913895113394e-05,0.003011648077517748,36.03780193641547,0.011102404445608244,0.003374430350959301,0.00010060516797238961
